number,value,datetime_start,datetime_complete,duration,params_access_type,params_correlation_threshold,params_cv_threshold,params_lightgbm_learning_rate,params_lightgbm_max_depth,params_lightgbm_n_estimators,params_lightgbm_subsample,params_lr_C,params_lr_class_weight,params_lr_penalty,params_max_features,params_missing_threshold,params_model_family,params_prefix_end,params_rf_class_weight,params_rf_max_depth,params_rf_max_features,params_rf_min_samples_leaf,params_rf_n_estimators,params_selection_method,params_threshold,params_window_size,params_window_start,params_xgboost_learning_rate,params_xgboost_max_depth,params_xgboost_n_estimators,params_xgboost_subsample,user_attrs_access_type,user_attrs_detection_metric,user_attrs_feasible,user_attrs_latest_index,user_attrs_model_family,user_attrs_n_features_selected,user_attrs_observation_fraction,state
0,0.06698966216912677,2026-06-16 20:00:31.462866,2026-06-16 20:00:32.464498,0 days 00:00:01.001632,window,0.8581317057035479,0.0029375384576328283,,,,,0.008260808399079604,,l2,,0.2624074561769746,logistic_regression,,,,,,,none,0.49336378683067983,157.0,431.0,,,,,window,0.16665067911827933,True,588,logistic_regression,86.8,0.9966101694915255,COMPLETE
1,0.08603499457107315,2026-06-16 20:00:32.464498,2026-06-16 20:00:36.617601,0 days 00:00:04.153103,window,0.9219928213779056,0.00397211072738191,,,,,,,,22.0,0.5140703845572054,random_forest,,balanced,23.0,log2,9.0,168.0,mutual_info,0.5333926046396458,121.0,216.0,,,,,window,0.14315363863886976,True,337,random_forest,22.0,0.5711864406779661,COMPLETE
2,0.09093637326284171,2026-06-16 20:00:36.618602,2026-06-16 20:00:42.620491,0 days 00:00:06.001889,window,0.9815298518189864,0.2115429079726121,,,,,,,,47.0,0.5878338511058234,xgboost,,,,,,,mutual_info,0.12133013773006249,54.0,322.0,0.11294923622078903,5.0,350.0,0.7713480415791243,window,0.15466518682216374,True,376,xgboost,36.2,0.6372881355932203,COMPLETE
3,0.05499051370801433,2026-06-16 20:00:42.637534,2026-06-16 20:00:50.002490,0 days 00:00:07.364956,prefix,0.8507730963973044,0.0039459088110999985,0.03499331111708852,2.0,331.0,0.6554911608578311,,,,,0.508897907718663,lightgbm,583.0,,,,,,none,0.26689482440113016,,,,,,,prefix,0.15380407303004823,True,583,lightgbm,228.6,0.988135593220339,COMPLETE
4,0.08422960988489965,2026-06-16 20:00:50.002490,2026-06-16 20:00:57.468150,0 days 00:00:07.465660,prefix,0.9498542702112193,0.0022844556850020537,,,,,1.5207297997231806,,l2,109.0,0.3888859700647797,logistic_regression,524.0,,,,,,mutual_info,0.33420250919814753,,,,,,,prefix,0.17304316920693355,True,524,logistic_regression,109.0,0.888135593220339,COMPLETE
5,0.11357693506064938,2026-06-16 20:00:57.469151,2026-06-16 20:00:59.203575,0 days 00:00:01.734424,prefix,0.9801576713279603,0.0030455368715396787,0.0061338502201741816,4.0,177.0,0.7135538943131281,,,,45.0,0.31590058116550723,lightgbm,46.0,,,,,,mutual_info,0.6562316650787696,,,,,,,prefix,0.1213735452301409,True,46,lightgbm,41.2,0.07796610169491526,COMPLETE
6,0.1410046756450172,2026-06-16 20:00:59.203575,2026-06-16 20:01:09.183891,0 days 00:00:09.980316,prefix,0.8667811514267155,0.004637921903458032,,,,,,,,144.0,0.3669644012595116,random_forest,302.0,,11.0,log2,6.0,448.0,univariate,0.7275300499136564,,,,,,,prefix,0.1921911163229833,True,302,random_forest,144.0,0.511864406779661,COMPLETE
7,0.14441222694074476,2026-06-16 20:01:09.183891,2026-06-16 20:01:25.532519,0 days 00:00:16.348628,prefix,0.944098976636823,0.005323114580928889,,,,,,,,,0.5942601816442403,random_forest,289.0,,11.0,log2,4.0,685.0,none,0.188931662406371,,,,,,,prefix,0.1933952777882024,True,289,random_forest,196.8,0.48983050847457626,COMPLETE
8,0.11068958595114249,2026-06-16 20:01:25.533475,2026-06-16 20:01:31.107690,0 days 00:00:05.574215,prefix,0.8692529321804391,0.6459367085984854,,,,,,,,59.0,0.354694138520215,random_forest,408.0,balanced_subsample,4.0,sqrt,18.0,269.0,mutual_info,0.718717105362536,,,,,,,prefix,0.17984212832402385,True,408,random_forest,54.4,0.6915254237288135,COMPLETE
9,0.09248484534592429,2026-06-16 20:01:31.107690,2026-06-16 20:01:58.355320,0 days 00:00:27.247630,prefix,0.9757975863937911,0.0030541203184433867,,,,,,,,10.0,0.23365598599801954,xgboost,379.0,,,,,,model_importance,0.5997282100432391,,,0.003593703753553803,4.0,599.0,0.6626998490796339,prefix,0.1567221334815175,True,379,xgboost,10.0,0.6423728813559322,COMPLETE
10,0.1303629793079416,2026-06-16 20:01:58.355756,2026-06-16 20:02:18.151031,0 days 00:00:19.795275,window,0.9032410144352535,0.03218056412620648,,,,,,,,,0.4685075459270867,random_forest,,,32.0,log2,1.0,778.0,none,0.0604880869548341,249.0,3.0,,,,,window,0.17307484371472126,True,252,random_forest,142.4,0.4271186440677966,COMPLETE
11,0.16380469908141423,2026-06-16 20:02:18.151031,2026-06-16 20:02:27.604855,0 days 00:00:09.453824,prefix,0.897861868240016,0.022710278596849112,,,,,,,,184.0,0.4428737096132902,random_forest,195.0,,10.0,log2,5.0,556.0,univariate,0.796853060080474,,,,,,,prefix,0.19685554653904136,True,195,random_forest,116.6,0.3305084745762712,COMPLETE
12,0.16212168327996973,2026-06-16 20:02:27.605853,2026-06-16 20:02:40.222519,0 days 00:00:12.616666,prefix,0.9155372416233208,0.022428002239324046,,,,,,,,199.0,0.5997449754566203,random_forest,141.0,,11.0,log2,3.0,720.0,univariate,0.20527753245729996,,,,,,,prefix,0.1860199883647155,True,141,random_forest,86.2,0.23898305084745763,COMPLETE
13,0.15333801787745638,2026-06-16 20:02:40.222519,2026-06-16 20:02:50.607716,0 days 00:00:10.385197,prefix,0.9072795239739069,0.02882190289717445,,,,,,,,191.0,0.45094195308965734,random_forest,108.0,,14.0,log2,1.0,570.0,univariate,0.4140777311331723,,,,,,,prefix,0.17164310262321908,True,108,random_forest,62.2,0.18305084745762712,COMPLETE
14,0.15544919804222718,2026-06-16 20:02:50.607716,2026-06-16 20:02:56.245165,0 days 00:00:05.637449,prefix,0.8855555408438234,0.023531088209755302,,,,,,,,184.0,0.5362148766913247,random_forest,160.0,,2.0,sqrt,12.0,527.0,univariate,0.23520814156148753,,,,,,,prefix,0.18256784211002378,True,160,random_forest,95.2,0.2711864406779661,COMPLETE
15,0.17046165580799627,2026-06-16 20:02:56.245165,2026-06-16 20:03:06.934087,0 days 00:00:10.688922,prefix,0.9291075532187794,0.09270751691583777,,,,,,,,148.0,0.4410950175168563,random_forest,192.0,balanced_subsample,18.0,log2,7.0,662.0,univariate,0.386102336922933,,,,,,,prefix,0.2030040286893522,True,192,random_forest,95.0,0.3254237288135593,COMPLETE
16,0.10504115413330582,2026-06-16 20:03:06.934087,2026-06-16 20:03:13.081883,0 days 00:00:06.147796,prefix,0.934884735152825,0.10934461845973416,,,,,95.74738509612212,balanced,l1,149.0,0.444526391754649,logistic_regression,233.0,,,,,,univariate,0.7837674992580241,,,,,,,prefix,0.14453267955703464,True,233,logistic_regression,122.0,0.3949152542372881,COMPLETE
17,0.11426943768899879,2026-06-16 20:03:13.081883,2026-06-16 20:03:15.245984,0 days 00:00:02.164101,prefix,0.8893865056927773,0.07754658782750988,0.24914472293655507,12.0,780.0,0.9916889455562702,,,,150.0,0.4185836995876216,lightgbm,7.0,,,,,,model_importance,0.4283154575108258,,,,,,,prefix,0.11545587836696489,True,7,lightgbm,1.0,0.011864406779661017,COMPLETE
18,0.01108353113303015,2026-06-16 20:03:15.257461,2026-06-16 20:03:15.621311,0 days 00:00:00.363850,window,0.9575163390161092,0.012068021757007798,,,,,,,,113.0,0.3123309056025083,xgboost,,,,,,,univariate,0.3374941079205195,254.0,589.0,0.27191715113596837,12.0,129.0,0.9783380927298911,window,0.11108353113303016,True,590,xgboost,1.0,1.0,COMPLETE
19,0.1719902478261216,2026-06-16 20:03:15.622312,2026-06-16 20:03:23.050270,0 days 00:00:07.427958,prefix,0.8929661347461545,0.0011711785677498204,,,,,,,,168.0,0.4832970978891715,random_forest,224.0,balanced_subsample,20.0,log2,9.0,388.0,univariate,0.5552930824762508,,,,,,,prefix,0.20995634952103687,True,224,random_forest,168.0,0.37966101694915255,COMPLETE
20,0.1504554951173389,2026-06-16 20:03:23.050270,2026-06-16 20:03:31.687679,0 days 00:00:08.637409,prefix,0.9300619806048951,0.0010059103182866469,,,,,,,,131.0,0.48398455702135884,random_forest,327.0,balanced_subsample,22.0,sqrt,11.0,346.0,univariate,0.5033983631712633,,,,,,,prefix,0.20587922393089825,True,327,random_forest,131.0,0.5542372881355933,COMPLETE
21,0.17767615096476985,2026-06-16 20:03:31.687679,2026-06-16 20:03:41.141870,0 days 00:00:09.454191,prefix,0.8915106274938883,0.4088698914950214,,,,,,,,168.0,0.4234915202812796,random_forest,212.0,balanced_subsample,19.0,log2,8.0,598.0,univariate,0.5933608388457979,,,,,,,prefix,0.21360835435460035,True,212,random_forest,63.2,0.3593220338983051,COMPLETE
22,0.12064486910842218,2026-06-16 20:03:41.142870,2026-06-16 20:03:50.173872,0 days 00:00:09.031002,prefix,0.8808243896035249,0.9629473818188651,,,,,,,,168.0,0.4057397639716918,random_forest,219.0,balanced_subsample,20.0,log2,8.0,624.0,univariate,0.6064374325813123,,,,,,,prefix,0.15776351317621878,True,219,random_forest,39.4,0.3711864406779661,COMPLETE
23,0.1686202703518354,2026-06-16 20:03:50.173872,2026-06-16 20:03:56.250270,0 days 00:00:06.076398,prefix,0.896917801367649,0.19722445287112567,,,,,,,,166.0,0.543432779832316,random_forest,88.0,balanced_subsample,27.0,log2,14.0,447.0,univariate,0.570529902064211,,,,,,,prefix,0.18353552458912356,True,88,random_forest,25.6,0.14915254237288136,COMPLETE
24,0.1263970369889734,2026-06-16 20:03:56.250270,2026-06-16 20:04:07.886566,0 days 00:00:11.636296,prefix,0.918207026475647,0.3601179482407563,,,,,,,,86.0,0.48253930409522583,random_forest,255.0,balanced_subsample,17.0,log2,8.0,356.0,model_importance,0.4557413911189172,,,,,,,prefix,0.16961737597202425,True,255,random_forest,37.2,0.4322033898305085,COMPLETE
25,0.19640845401981544,2026-06-16 20:04:07.886566,2026-06-16 20:04:17.875406,0 days 00:00:09.988840,prefix,0.8766220911339274,0.06681138627511607,,,,,,,,130.0,0.4276636658775521,random_forest,158.0,balanced_subsample,17.0,log2,14.0,640.0,univariate,0.3360178231878631,,,,,,,prefix,0.22318811503676458,True,158,random_forest,74.4,0.2677966101694915,COMPLETE
26,0.09925049204102902,2026-06-16 20:04:17.876432,2026-06-16 20:04:20.361072,0 days 00:00:02.484640,window,0.8753155072938275,0.052833425491855,,,,,,,,170.0,0.3377726246315265,xgboost,,,,,,,univariate,0.6303781131732829,12.0,43.0,0.001228025963015695,11.0,747.0,0.5134033651672897,window,0.10857252593933411,True,55,xgboost,3.0,0.09322033898305085,COMPLETE
27,0.04238591145546211,2026-06-16 20:04:20.361072,2026-06-16 20:04:21.124544,0 days 00:00:00.763472,prefix,0.8872884588142192,0.01063802923589029,,,,,0.0030055935818762377,balanced,l1,120.0,0.38566442629138786,logistic_regression,140.0,,,,,,univariate,0.3414068955353041,,,,,,,prefix,0.06611472501478415,True,140,logistic_regression,101.2,0.23728813559322035,COMPLETE
28,0.07971344481153139,2026-06-16 20:04:21.124544,2026-06-16 20:04:38.972228,0 days 00:00:17.847684,prefix,0.8641384241910329,0.33956490822644736,0.00127361296200207,10.0,713.0,0.5263391134211155,,,,96.0,0.5527948243961854,lightgbm,404.0,,,,,,univariate,0.6714778295758135,,,,,,,prefix,0.14818802108271784,True,404,lightgbm,95.8,0.6847457627118644,COMPLETE
29,0.00825789049841541,2026-06-16 20:04:38.972228,2026-06-16 20:04:39.152918,0 days 00:00:00.180690,window,0.8542748586046283,0.16161107400727148,,,,,0.6008083775244606,,l1,131.0,0.2750780940601064,logistic_regression,,,,,,,model_importance,0.4852693050712069,168.0,569.0,,,,,window,0.10825789049841542,True,590,logistic_regression,6.2,1.0,COMPLETE
30,0.19196669835079583,2026-06-16 20:04:39.152918,2026-06-16 20:04:47.397307,0 days 00:00:08.244389,prefix,0.8763758922484381,0.0010100666579199852,,,,,,,,,0.42150734787937366,random_forest,82.0,balanced_subsample,25.0,log2,16.0,470.0,none,0.3056431675871646,,,,,,,prefix,0.2058650034355416,True,82,random_forest,67.4,0.13898305084745763,COMPLETE
31,0.1753020493077063,2026-06-16 20:04:47.398276,2026-06-16 20:04:54.884499,0 days 00:00:07.486223,prefix,0.8773150653690795,0.001161208613914233,,,,,,,,,0.42722862978377146,random_forest,76.0,balanced_subsample,26.0,log2,16.0,494.0,none,0.29384396093817816,,,,,,,prefix,0.18818340523990967,True,76,random_forest,61.4,0.1288135593220339,COMPLETE
32,0.17556279608354722,2026-06-16 20:04:54.885499,2026-06-16 20:05:02.496214,0 days 00:00:07.610715,prefix,0.8764078932452551,0.0017205394504103107,,,,,,,,,0.41208002440308317,random_forest,69.0,balanced_subsample,29.0,log2,16.0,517.0,none,0.28048324159401106,,,,,,,prefix,0.18725771133778452,True,69,random_forest,58.6,0.11694915254237288,COMPLETE
33,0.09250446193726636,2026-06-16 20:05:02.497211,2026-06-16 20:05:08.099024,0 days 00:00:05.601813,prefix,0.8723437211950321,0.007593669688192785,,,,,,,,,0.40962907246019664,random_forest,13.0,balanced,31.0,log2,20.0,598.0,none,0.1520727609437554,,,,,,,prefix,0.09470785176777483,True,13,random_forest,12.0,0.022033898305084745,COMPLETE
34,0.06172320496886443,2026-06-16 20:05:08.099024,2026-06-16 20:05:15.347526,0 days 00:00:07.248502,window,0.8614793526825519,0.0015566459841755021,,,,,,,,,0.37331985073336427,random_forest,,balanced_subsample,27.0,log2,14.0,500.0,none,0.2750610728878502,94.0,172.0,,,,,window,0.1068079507315763,True,266,random_forest,47.2,0.45084745762711864,COMPLETE
35,0.18622879408793172,2026-06-16 20:05:15.347526,2026-06-16 20:05:24.200854,0 days 00:00:08.853328,prefix,0.8579412511937988,0.0019031788390620635,,,,,,,,,0.5115752867882787,random_forest,65.0,balanced_subsample,25.0,log2,16.0,625.0,none,0.3671953690719922,,,,,,,prefix,0.1972457432404741,True,65,random_forest,54.0,0.11016949152542373,COMPLETE
36,0.17782598690466458,2026-06-16 20:05:24.200854,2026-06-16 20:05:25.226996,0 days 00:00:01.026142,prefix,0.8583440551247685,0.04535395398383752,,,,,,,,,0.5125504035019246,xgboost,131.0,,,,,,none,0.38659718836805523,,,0.022944235595774513,2.0,100.0,0.9869180352000324,prefix,0.20002937673517307,True,131,xgboost,64.4,0.22203389830508474,COMPLETE
37,0.19402303477647387,2026-06-16 20:05:25.226996,2026-06-16 20:05:26.165834,0 days 00:00:00.938838,prefix,0.8514618163780328,0.05492464687007157,,,,,,,,,0.5098034262264968,xgboost,123.0,,,,,,none,0.37863671136122357,,,0.018623772569370315,2.0,108.0,0.9614564677636811,prefix,0.21487049240359252,True,123,xgboost,55.6,0.20847457627118643,COMPLETE
38,0.05080573658603507,2026-06-16 20:05:26.165834,2026-06-16 20:05:42.782058,0 days 00:00:16.616224,window,0.8539925139589659,0.0020884653550701858,,,,,,,,,0.5616867353405565,xgboost,,,,,,,none,0.3487527979930733,194.0,422.0,0.019550006454758864,8.0,346.0,0.8419371799604662,window,0.15080573658603508,True,590,xgboost,94.2,1.0,COMPLETE
39,0.10582595511785674,2026-06-16 20:05:42.782058,2026-06-16 20:05:44.485440,0 days 00:00:01.703382,prefix,0.8513198287380985,0.014717261729806691,,,,,,,,,0.5695852078445998,xgboost,56.0,,,,,,none,0.3107399215502373,,,0.0063464906328357575,2.0,473.0,0.8710912088398626,prefix,0.11531748054158555,True,56,xgboost,37.0,0.09491525423728814,COMPLETE
40,0.11863170658834672,2026-06-16 20:05:44.485440,2026-06-16 20:05:47.954491,0 days 00:00:03.469051,prefix,0.8662060568381253,0.06088094810554127,0.09671206678584485,7.0,518.0,0.9910627449847547,,,,,0.5063184466205127,lightgbm,109.0,,,,,,none,0.24828196557699983,,,,,,,prefix,0.13710628285953316,True,109,lightgbm,50.6,0.1847457627118644,COMPLETE
41,0.18507323853439162,2026-06-16 20:05:47.954491,2026-06-16 20:05:49.065602,0 days 00:00:01.111111,prefix,0.856123269764561,0.045143626439306,,,,,,,,,0.5166000721512376,xgboost,140.0,,,,,,none,0.3860195044576563,,,0.031343818910959914,2.0,103.0,0.9948098412249815,prefix,0.20880205209371366,True,140,xgboost,70.0,0.23728813559322035,COMPLETE
42,0.1361428229855041,2026-06-16 20:05:49.081099,2026-06-16 20:05:55.182957,0 days 00:00:06.101858,prefix,0.8598426695530984,0.038700649526844925,,,,,,,,,0.5250385063071628,xgboost,168.0,,,,,,none,0.37385759080162256,,,0.04616006775377079,5.0,228.0,0.997818878296009,prefix,0.16461739925669053,True,168,xgboost,89.8,0.2847457627118644,COMPLETE
43,0.0961463107128868,2026-06-16 20:05:55.183984,2026-06-16 20:05:55.650156,0 days 00:00:00.466172,prefix,0.8694988864267491,0.1263319274059722,,,,,,,,,0.4881003051524962,xgboost,27.0,,,,,,none,0.43856173293593304,,,0.04823540774465669,2.0,234.0,0.9013512227302978,prefix,0.10072258189932748,True,27,xgboost,8.8,0.04576271186440678,COMPLETE
44,0.11161969518916631,2026-06-16 20:05:55.651221,2026-06-16 20:06:10.850926,0 days 00:00:15.199705,prefix,0.8511450926663677,0.06235964665701296,,,,,,,,93.0,0.46199692645592605,xgboost,536.0,,,,,,mutual_info,0.477323255952825,,,0.009214045498660546,8.0,225.0,0.6929770191608489,prefix,0.20246715281628497,True,536,xgboost,93.0,0.9084745762711864,COMPLETE
45,0.140529007344526,2026-06-16 20:06:10.850926,2026-06-16 20:06:13.723043,0 days 00:00:02.872117,prefix,0.860087282147266,0.0061850664927405475,,,,,,,,,0.5791828763965449,xgboost,109.0,,,,,,none,0.22017462466416163,,,0.05226437429411138,4.0,129.0,0.9152356785046025,prefix,0.15900358361571246,True,109,xgboost,84.4,0.1847457627118644,COMPLETE
46,0.1351951766723327,2026-06-16 20:06:13.723043,2026-06-16 20:06:18.576223,0 days 00:00:04.853180,prefix,0.8832720331932404,0.003444932120976922,,,,,,,,,0.5304076056112131,xgboost,41.0,,,,,,none,0.15805003841556992,,,0.01093517000458884,6.0,326.0,0.8015240823591987,prefix,0.14214432921470557,True,41,xgboost,36.8,0.06949152542372881,COMPLETE
47,0.1384188186525693,2026-06-16 20:06:18.577208,2026-06-16 20:06:21.338540,0 days 00:00:02.761332,prefix,0.8680340603395051,0.01781487124887478,,,,,56.44166261823515,balanced,l2,66.0,0.4978868585308476,logistic_regression,165.0,,,,,,mutual_info,0.52080935943696,,,,,,,prefix,0.16638492034748456,True,165,logistic_regression,66.0,0.2796610169491525,COMPLETE
48,0.17116823450763222,2026-06-16 20:06:21.338540,2026-06-16 20:06:25.383956,0 days 00:00:04.045416,prefix,0.9056279900598714,0.03520031112912596,,,,,,,,,0.5195734831919276,xgboost,87.0,,,,,,none,0.05792980210123061,,,0.0026540567021635475,3.0,525.0,0.9296053530416539,prefix,0.1859139972194966,True,87,xgboost,45.8,0.14745762711864407,COMPLETE
49,0.09705764684028645,2026-06-16 20:06:25.384953,2026-06-16 20:06:30.552171,0 days 00:00:05.167218,prefix,0.8650732601473314,0.08904574292577866,0.0010090150399099872,7.0,126.0,0.8598031013669569,,,,,0.5012038219288858,lightgbm,267.0,,,,,,none,0.40491174819071163,,,,,,,prefix,0.14231188412842205,True,267,lightgbm,125.4,0.45254237288135596,COMPLETE
50,0.08736413133740481,2026-06-16 20:06:30.553171,2026-06-16 20:06:38.189592,0 days 00:00:07.636421,window,0.8570295047343915,0.002518564377221609,,,,,,,,,0.4644887299344807,random_forest,,balanced,24.0,sqrt,14.0,767.0,none,0.3168503994834092,14.0,134.0,,,,,window,0.11244887710011667,True,148,random_forest,13.0,0.25084745762711863,COMPLETE
51,0.18372444114536973,2026-06-16 20:06:38.189592,2026-06-16 20:06:39.282011,0 days 00:00:01.092419,prefix,0.858002790677517,0.045338094413592905,,,,,,,,,0.5142449733560602,xgboost,129.0,,,,,,none,0.3707332791294527,,,0.02328028025028653,2.0,110.0,0.9966775266728223,prefix,0.20558884792503074,True,129,xgboost,62.4,0.21864406779661016,COMPLETE
52,0.17168786199837033,2026-06-16 20:06:39.282011,2026-06-16 20:06:40.988507,0 days 00:00:01.706496,prefix,0.8508866727597948,0.0685377965135169,,,,,,,,,0.5374095385442006,xgboost,120.0,,,,,,none,0.3771924916893993,,,0.027830993327468984,3.0,188.0,0.9431551599272224,prefix,0.1920268450492178,True,120,xgboost,51.4,0.2033898305084746,COMPLETE
53,0.1205132989552188,2026-06-16 20:06:40.989505,2026-06-16 20:06:43.163443,0 days 00:00:02.173938,prefix,0.8732779904115188,0.04475985629881208,,,,,,,,,0.21135822242903748,xgboost,182.0,,,,,,none,0.35589283193425914,,,0.11840734712216845,3.0,110.0,0.9925513606122087,prefix,0.15136075658233744,True,182,xgboost,98.2,0.30847457627118646,COMPLETE
54,0.10928565908595558,2026-06-16 20:06:43.163443,2026-06-16 20:06:44.184068,0 days 00:00:01.020625,prefix,0.8809822727514742,0.025730020669332058,,,,,,,,,0.46965847478359324,xgboost,59.0,,,,,,none,0.4140531004561402,,,0.010713367986992692,2.0,283.0,0.8365299654587798,prefix,0.11928565908595559,True,59,xgboost,29.2,0.1,COMPLETE
55,0.11939804332838228,2026-06-16 20:06:44.184068,2026-06-16 20:06:48.321890,0 days 00:00:04.137822,prefix,0.967177719773568,0.13359481132997425,,,,,,,,76.0,0.550337941110203,xgboost,158.0,,,,,,mutual_info,0.4568043483462103,,,0.031083786378183948,4.0,172.0,0.9285387049814152,prefix,0.14617770434533142,True,158,xgboost,68.2,0.2677966101694915,COMPLETE
56,0.19411977418095755,2026-06-16 20:06:48.322903,2026-06-16 20:06:59.782086,0 days 00:00:11.459183,prefix,0.8633679358486841,0.018802185857778642,,,,,,,,,0.45578711613278866,random_forest,103.0,balanced_subsample,15.0,sqrt,17.0,665.0,none,0.2535372752614669,,,,,,,prefix,0.21157740129960162,True,103,random_forest,62.8,0.17457627118644067,COMPLETE
57,0.17166055144680906,2026-06-16 20:06:59.782639,2026-06-16 20:07:22.267383,0 days 00:00:22.484744,prefix,0.8710509992183767,0.008805805721573263,,,,,,,,36.0,0.43466807184746487,random_forest,94.0,balanced_subsample,17.0,sqrt,17.0,709.0,model_importance,0.24984760870378975,,,,,,,prefix,0.18759275483663956,True,94,random_forest,21.8,0.15932203389830507,COMPLETE
58,0.15639173354869457,2026-06-16 20:07:22.267383,2026-06-16 20:07:32.364133,0 days 00:00:10.096750,prefix,0.8634050799604261,0.0016155332706586627,,,,,,,,,0.38568188103946643,random_forest,42.0,balanced_subsample,14.0,sqrt,19.0,654.0,none,0.1840887189335041,,,,,,,prefix,0.16351037761649118,True,42,random_forest,37.6,0.0711864406779661,COMPLETE
59,0.19433046177901006,2026-06-16 20:07:32.364133,2026-06-16 20:07:46.787024,0 days 00:00:14.422891,prefix,0.9112854377651235,0.019816458997430876,,,,,,,,,0.4570392739795658,random_forest,146.0,balanced_subsample,15.0,sqrt,15.0,733.0,none,0.3058451238634571,,,,,,,prefix,0.21907622449087447,True,146,random_forest,87.8,0.24745762711864408,COMPLETE
60,0.1361785161484252,2026-06-16 20:07:46.787024,2026-06-16 20:08:05.648043,0 days 00:00:18.861019,prefix,0.912127412587393,0.005028930319387236,,,,,,,,,0.45352310172798244,random_forest,338.0,balanced_subsample,14.0,sqrt,15.0,728.0,none,0.09556193427824966,,,,,,,prefix,0.1934666517416455,True,338,random_forest,189.0,0.5728813559322034,COMPLETE
61,0.18709521153373826,2026-06-16 20:08:05.648043,2026-06-16 20:08:18.583392,0 days 00:00:12.935349,prefix,0.9437521757112085,0.017265509054934996,,,,,,,,,0.4519705872242391,random_forest,139.0,balanced_subsample,7.0,sqrt,12.0,638.0,none,0.3122877468597021,,,,,,,prefix,0.21065453356763655,True,139,random_forest,88.4,0.23559322033898306,COMPLETE
62,0.15751849644396862,2026-06-16 20:08:18.583392,2026-06-16 20:08:32.627704,0 days 00:00:14.044312,prefix,0.948506094165659,0.017403249662491817,,,,,,,,,0.4327839136441129,random_forest,194.0,balanced_subsample,7.0,sqrt,13.0,638.0,none,0.32000332336553766,,,,,,,prefix,0.19039985237617202,True,194,random_forest,124.8,0.3288135593220339,COMPLETE
63,0.19242752902451507,2026-06-16 20:08:32.627704,2026-06-16 20:08:45.986605,0 days 00:00:13.358901,prefix,0.9878151634458038,0.030588404159585116,,,,,,,,,0.39624256148461484,random_forest,98.0,balanced_subsample,15.0,sqrt,17.0,793.0,none,0.26237437155463655,,,,,,,prefix,0.20903769851604048,True,98,random_forest,55.8,0.16610169491525423,COMPLETE
64,0.18257069183850405,2026-06-16 20:08:45.986605,2026-06-16 20:08:59.354038,0 days 00:00:13.367433,prefix,0.98778092600229,0.029620709212710507,,,,,,,,,0.4008126678866286,random_forest,106.0,balanced_subsample,15.0,sqrt,18.0,792.0,none,0.3019281000885502,,,,,,,prefix,0.2005367935334193,True,106,random_forest,63.2,0.17966101694915254,COMPLETE
65,0.19613719063178436,2026-06-16 20:08:59.354038,2026-06-16 20:09:25.401036,0 days 00:00:26.046998,prefix,0.9614871936517451,0.02103406893158496,,,,,,,,22.0,0.34202271570788256,random_forest,146.0,balanced_subsample,8.0,sqrt,12.0,748.0,model_importance,0.2060722296839606,,,,,,,prefix,0.22088295334364877,True,146,random_forest,22.0,0.24745762711864408,COMPLETE
66,0.1496695656945164,2026-06-16 20:09:25.402146,2026-06-16 20:09:49.190571,0 days 00:00:23.788425,prefix,0.9727885824538444,0.010927033439911808,,,,,,,,24.0,0.3546804217230555,random_forest,175.0,balanced,22.0,sqrt,17.0,736.0,model_importance,0.20453848172422925,,,,,,,prefix,0.17933058264366894,True,175,random_forest,24.0,0.2966101694915254,COMPLETE
67,0.039950331287070415,2026-06-16 20:09:49.190571,2026-06-16 20:09:55.095867,0 days 00:00:05.905296,window,0.9809501461058538,0.013880923366763935,,,,,,,,60.0,0.33147460320206973,random_forest,,balanced_subsample,16.0,sqrt,15.0,124.0,model_importance,0.23382106511249895,210.0,321.0,,,,,window,0.12995033128707043,True,531,random_forest,45.2,0.9,COMPLETE
68,0.17029918395506133,2026-06-16 20:09:55.095867,2026-06-16 20:10:23.945521,0 days 00:00:28.849654,prefix,0.9593269689024726,0.022187994978341886,,,,,,,,38.0,0.30185474296189085,random_forest,206.0,balanced_subsample,12.0,sqrt,18.0,753.0,model_importance,0.27137449996101637,,,,,,,prefix,0.20521443819234947,True,206,random_forest,37.0,0.34915254237288135,COMPLETE
69,0.16377813189876272,2026-06-16 20:10:23.945521,2026-06-16 20:10:43.125121,0 days 00:00:19.179600,prefix,0.9234729016989702,0.23925496989054934,,,,,,,,103.0,0.36802371406556794,random_forest,85.0,balanced_subsample,9.0,sqrt,13.0,691.0,model_importance,0.12659875688844957,,,,,,,prefix,0.17818491155977967,True,85,random_forest,8.4,0.1440677966101695,COMPLETE
70,0.1642086624168767,2026-06-16 20:10:43.126116,2026-06-16 20:11:10.252077,0 days 00:00:27.125961,prefix,0.9870933415021775,0.02141072252289998,,,,,,,,73.0,0.3937650337660233,random_forest,155.0,balanced_subsample,13.0,sqrt,15.0,796.0,model_importance,0.015603154234268307,,,,,,,prefix,0.19047984885755467,True,155,random_forest,29.2,0.2627118644067797,COMPLETE
71,0.16807566834715526,2026-06-16 20:11:10.254082,2026-06-16 20:11:23.154697,0 days 00:00:12.900615,prefix,0.9414750887419193,0.01793990944763427,,,,,,,,,0.4457777172034419,random_forest,142.0,balanced_subsample,6.0,sqrt,11.0,684.0,none,0.2585750228129027,,,,,,,prefix,0.19214346495732476,True,142,random_forest,86.2,0.24067796610169492,COMPLETE
72,0.17933637594057553,2026-06-16 20:11:23.158631,2026-06-16 20:11:28.523387,0 days 00:00:05.364756,prefix,0.9630779033589483,0.03144642548185038,,,,,,,,,0.4249961369269878,random_forest,125.0,balanced_subsample,8.0,sqrt,12.0,266.0,none,0.2847253345813635,,,,,,,prefix,0.20052281661854163,True,125,random_forest,66.6,0.211864406779661,COMPLETE
73,0.13171440419590874,2026-06-16 20:11:28.523387,2026-06-16 20:11:40.539962,0 days 00:00:12.016575,prefix,0.9341851628236582,0.013909303244809414,,,,,,,,11.0,0.47344572768989657,random_forest,110.0,balanced_subsample,12.0,sqrt,13.0,754.0,mutual_info,0.32689838636395907,,,,,,,prefix,0.15035847199251892,True,110,random_forest,11.0,0.1864406779661017,COMPLETE
74,0.17730442531525606,2026-06-16 20:11:40.540959,2026-06-16 20:11:55.065141,0 days 00:00:14.524182,prefix,0.9542765802679387,0.008314141939849392,,,,,,,,128.0,0.45490619957113754,random_forest,250.0,balanced_subsample,4.0,sqrt,17.0,686.0,univariate,0.18798975790550687,,,,,,,prefix,0.21967730667118826,True,250,random_forest,128.0,0.423728813559322,COMPLETE
75,0.13846927030006972,2026-06-16 20:11:55.065141,2026-06-16 20:11:55.716067,0 days 00:00:00.650926,prefix,0.8987636436581816,0.08156309370093259,,,,,0.043840125955487,balanced,l2,,0.3779937313922358,logistic_regression,142.0,,,,,,none,0.21844672769900766,,,,,,,prefix,0.16253706691023923,True,142,logistic_regression,60.2,0.24067796610169492,COMPLETE
76,0.12854885308477026,2026-06-16 20:11:55.716067,2026-06-16 20:12:16.715091,0 days 00:00:20.999024,prefix,0.9461343140616976,0.02552916267546043,,,,,,,,,0.4158164808717969,random_forest,475.0,balanced_subsample,16.0,sqrt,10.0,713.0,none,0.290893261801611,,,,,,,prefix,0.20905732766104146,True,475,random_forest,181.0,0.8050847457627118,COMPLETE
77,0.1847639230585288,2026-06-16 20:12:16.715091,2026-06-16 20:12:27.672004,0 days 00:00:10.956913,prefix,0.9409185663099024,0.03600009258635432,,,,,,,,,0.4409179371907802,random_forest,75.0,balanced_subsample,4.0,sqrt,12.0,799.0,none,0.3473377199694544,,,,,,,prefix,0.19747578746530844,True,75,random_forest,34.6,0.1271186440677966,COMPLETE
78,0.06814470610793553,2026-06-16 20:12:27.672004,2026-06-16 20:12:38.604040,0 days 00:00:10.932036,window,0.952728757492865,0.054699284239656996,0.009298329024822092,10.0,536.0,0.5035696415030608,,,,46.0,0.48060092053510417,lightgbm,,,,,,,univariate,0.23577451478763042,90.0,454.0,,,,,window,0.160348095938444,True,544,lightgbm,46.0,0.9220338983050848,COMPLETE
79,-1.0,2026-06-16 20:12:38.604040,2026-06-16 20:12:38.785050,0 days 00:00:00.181010,prefix,0.9232963065285241,0.10853159751044744,,,,,,,,27.0,0.3493701576816664,random_forest,2.0,,6.0,sqrt,15.0,583.0,model_importance,0.3332046722435278,,,,,,,prefix,,False,2,random_forest,0.0,0.003389830508474576,COMPLETE
80,0.1817045052694623,2026-06-16 20:12:38.788048,2026-06-16 20:12:58.938887,0 days 00:00:20.150839,prefix,0.9738039881076058,0.0066166402773624325,,,,,,,,,0.40012967262195176,random_forest,97.0,balanced,10.0,sqrt,19.0,748.0,none,0.26347922756908565,,,,,,,prefix,0.198145183235564,True,97,random_forest,82.4,0.16440677966101694,COMPLETE
81,0.18148785678512613,2026-06-16 20:12:58.938887,2026-06-16 20:13:11.885425,0 days 00:00:12.946538,prefix,0.9677603057776113,0.0013591955197262517,,,,,,,,,0.27128120010838364,random_forest,69.0,balanced_subsample,19.0,log2,16.0,622.0,none,0.16975347854597847,,,,,,,prefix,0.19318277203936343,True,69,random_forest,61.8,0.11694915254237288,COMPLETE
82,0.14301156897608056,2026-06-16 20:13:11.886432,2026-06-16 20:13:22.611460,0 days 00:00:10.725028,prefix,0.8797758009120268,0.0010942009329322872,,,,,,,,,0.4958203645661434,random_forest,39.0,balanced_subsample,25.0,log2,16.0,663.0,none,0.30258954369756913,,,,,,,prefix,0.14962173846760599,True,39,random_forest,34.8,0.06610169491525424,COMPLETE
83,0.11900765380059965,2026-06-16 20:13:22.611460,2026-06-16 20:13:32.291243,0 days 00:00:09.679783,prefix,0.912021828638732,0.004358911656662768,,,,,,,,,0.45988048099898904,random_forest,20.0,balanced_subsample,21.0,log2,17.0,664.0,none,0.3987224676229375,,,,,,,prefix,0.12239748430907423,True,20,random_forest,17.8,0.03389830508474576,COMPLETE
84,0.16548402071031695,2026-06-16 20:13:32.291243,2026-06-16 20:13:41.063087,0 days 00:00:08.771844,prefix,0.8864392125282424,0.020151309583628242,,,,,,,,,0.30163676895883923,random_forest,61.0,balanced_subsample,18.0,log2,14.0,567.0,none,0.3573558448511989,,,,,,,prefix,0.17582300376116441,True,61,random_forest,33.0,0.10338983050847457,COMPLETE
85,0.19761871539228065,2026-06-16 20:13:41.063662,2026-06-16 20:13:52.183919,0 days 00:00:11.120257,prefix,0.929347274411309,0.07171426765391267,,,,,,,,,0.43455771781571695,random_forest,155.0,balanced_subsample,15.0,sqrt,13.0,613.0,none,0.2171299206877838,,,,,,,prefix,0.22388990183295862,True,155,random_forest,72.6,0.2627118644067797,COMPLETE
86,0.173945850788572,2026-06-16 20:13:52.184919,2026-06-16 20:14:06.973429,0 days 00:00:14.788510,prefix,0.9297440146208951,0.07017483457850303,,,,,,,,,0.4142373662612394,random_forest,187.0,,15.0,sqrt,12.0,700.0,none,0.20673475337232097,,,,,,,prefix,0.2056407660428093,True,187,random_forest,98.0,0.3169491525423729,COMPLETE
87,0.1348186406661098,2026-06-16 20:14:06.973429,2026-06-16 20:14:08.488027,0 days 00:00:01.514598,prefix,0.916842323981294,0.026827555054966784,,,,,5.3816602703728975,,l1,83.0,0.43727118145326943,logistic_regression,152.0,,,,,,univariate,0.2367583409425159,,,,,,,prefix,0.16058135253051659,True,152,logistic_regression,83.0,0.2576271186440678,COMPLETE
88,0.18924945155662756,2026-06-16 20:14:08.488027,2026-06-16 20:14:16.898967,0 days 00:00:08.410940,prefix,0.9374476000448168,0.05349946028472238,,,,,,,,,0.4471833057993717,random_forest,123.0,balanced_subsample,12.0,sqrt,10.0,468.0,none,0.2861671268001069,,,,,,,prefix,0.2100969091837462,True,123,random_forest,57.2,0.20847457627118643,COMPLETE
89,0.17826672825007184,2026-06-16 20:14:16.898967,2026-06-16 20:14:26.237522,0 days 00:00:09.338555,prefix,0.901439176736296,0.05293752931030892,,,,,,,,53.0,0.4260038972336042,random_forest,122.0,balanced_subsample,12.0,sqrt,10.0,460.0,mutual_info,0.26913683888385614,,,,,,,prefix,0.19894469435176676,True,122,random_forest,53.0,0.20677966101694914,COMPLETE
90,0.10384535840874162,2026-06-16 20:14:26.237522,2026-06-16 20:14:27.695933,0 days 00:00:01.458411,window,0.9377449725963386,0.10673390180897302,0.003558877462966543,4.0,350.0,0.8467103580727243,,,,,0.47400445076109016,lightgbm,,,,,,,none,0.28629707239943997,63.0,93.0,,,,,window,0.13028603637484332,True,156,lightgbm,34.6,0.26440677966101694,COMPLETE
91,0.1874925758128748,2026-06-16 20:14:27.697048,2026-06-16 20:14:37.481575,0 days 00:00:09.784527,prefix,0.924744047347123,0.04100362878216927,,,,,,,,,0.4550127461633207,random_forest,116.0,balanced_subsample,16.0,sqrt,11.0,539.0,none,0.3111173561522588,,,,,,,prefix,0.20715359276202733,True,116,random_forest,60.4,0.19661016949152543,COMPLETE
92,0.17855563651913703,2026-06-16 20:14:37.481575,2026-06-16 20:14:47.867312,0 days 00:00:10.385737,prefix,0.925401848611338,0.03967733759972227,,,,,,,,,0.44631140077633713,random_forest,118.0,balanced_subsample,16.0,sqrt,11.0,539.0,none,0.21808813417138773,,,,,,,prefix,0.19855563651913705,True,118,random_forest,61.0,0.2,COMPLETE
93,0.18400894326582576,2026-06-16 20:14:47.868313,2026-06-16 20:14:55.102370,0 days 00:00:07.234057,prefix,0.9337338141891458,0.058987303812689566,,,,,,,,,0.43139033321223275,random_forest,89.0,balanced_subsample,15.0,sqrt,9.0,407.0,none,0.24263498661552102,,,,,,,prefix,0.19909368902853763,True,89,random_forest,38.4,0.15084745762711865,COMPLETE
94,0.1769614690194107,2026-06-16 20:14:55.102370,2026-06-16 20:15:04.714814,0 days 00:00:09.612444,prefix,0.9201116143713649,0.07558127839037494,,,,,,,,,0.3887108041304575,random_forest,172.0,balanced_subsample,18.0,sqrt,10.0,468.0,none,0.1329517015561223,,,,,,,prefix,0.20611401139229207,True,172,random_forest,85.6,0.29152542372881357,COMPLETE
95,0.1891672384055536,2026-06-16 20:15:04.714814,2026-06-16 20:15:13.451611,0 days 00:00:08.736797,prefix,0.8949066889713466,0.09447449765088065,,,,,,,,,0.40678879672076435,random_forest,210.0,balanced_subsample,13.0,sqrt,13.0,419.0,none,0.3344034188746515,,,,,,,prefix,0.22476045874453665,True,210,random_forest,101.4,0.3559322033898305,COMPLETE
96,0.17486095048204275,2026-06-16 20:15:13.452618,2026-06-16 20:15:20.317878,0 days 00:00:06.865260,prefix,0.8942777367470557,0.1492792194983132,,,,,,,,,0.4111140394549971,random_forest,150.0,balanced_subsample,13.0,sqrt,13.0,411.0,none,0.34182041889065734,,,,,,,prefix,0.20028467929560206,True,150,random_forest,57.4,0.2542372881355932,COMPLETE
97,0.19070805563477783,2026-06-16 20:15:20.318872,2026-06-16 20:15:27.375680,0 days 00:00:07.056808,prefix,0.9118346056090294,0.08791045705356189,,,,,,,,118.0,0.42010384061004435,random_forest,202.0,balanced_subsample,13.0,sqrt,14.0,339.0,univariate,0.17529976207047945,,,,,,,prefix,0.22494534377037106,True,202,random_forest,101.4,0.3423728813559322,COMPLETE
98,0.18452934156190515,2026-06-16 20:15:27.376678,2026-06-16 20:15:32.169768,0 days 00:00:04.793090,prefix,0.9116959024122855,0.04933219384841531,,,,,,,,139.0,0.42134786646894457,random_forest,100.0,balanced_subsample,11.0,sqrt,14.0,279.0,univariate,0.1784641986432492,,,,,,,prefix,0.20147849410427804,True,100,random_forest,49.2,0.1694915254237288,COMPLETE
99,0.17723074775972403,2026-06-16 20:15:32.169768,2026-06-16 20:15:37.960883,0 days 00:00:05.791115,prefix,0.903838559001671,0.03336910915065863,,,,,,,,108.0,0.37619844479347675,random_forest,224.0,,14.0,log2,15.0,355.0,univariate,0.15980724922758444,,,,,,,prefix,0.2151968494546393,True,224,random_forest,108.0,0.37966101694915255,COMPLETE
