sensor,rf_rank,xgb_rank,rf_composite_score,xgb_composite_score,rf_mean_abs_shap,xgb_mean_abs_shap,rf_shap_lift,xgb_shap_lift
sensor_059,1,1,0.8705882352941177,0.8179435098774671,0.0057364886531516,0.25068116597144624,0.0106605619148921,0.46311153620176304
sensor_033,2,2,0.4787297598574472,0.6395630254586253,0.0042371366511902,0.28018130132132857,0.0017977882832627,0.12463797348805924
sensor_519,3,3,0.4313270342616674,0.5194076719253748,0.0032358106605729,0.197046920140589,0.0019605418475242,0.11369112561619137
sensor_205,4,4,0.3831136764073839,0.49904626050782896,0.0039428329073514,0.2362460345071626,0.0009838418305506,0.10140077253667798
sensor_021,12,5,0.2408320455379724,0.443467231499463,0.0019221428627117,0.1902463309807401,0.0005142648401784,0.069679673177716
sensor_031,5,10,0.3569392385046254,0.32768677079692593,0.0039743382615194,0.1770571060870235,-0.0003742076227613,0.018089072335294443
sensor_510,6,17,0.3086049727115285,0.22627962075189748,0.0025340613713958,0.08013088744169948,0.0010272970631128,0.03775565112005658
sensor_573,21,6,0.1928862578512932,0.3790250389372465,0.0008481894770873,0.1485831935452062,0.000464607867316,0.012329949563621032
sensor_064,7,66,0.2973480060629319,0.12125618430004781,0.0024831280085289,0.029468137679419883,0.0007850341295916,0.015197825069290568
sensor_488,48,7,0.1446769459504364,0.3781357479545162,0.001594156937269,0.19409296574185614,-0.0002035492747085,-0.04903647652528018
sensor_129,8,9,0.2822343526030869,0.3286042640685035,0.0027022984651811,0.15728502019908558,0.0016594378202275,0.07397419658633815
sensor_160,10,8,0.2580347727339684,0.36690024164893265,0.0014042251957122,0.12840061801578123,0.0002213440952141,0.012889979877905501
sensor_065,9,95,0.2754099245580567,0.10270366846717066,0.0021873509849156,0.020654656667796947,0.0009215688591384,0.010837875480694025
sensor_197,69,11,0.1298037691594805,0.3118197842846963,0.001344400330984,0.16087568925363302,-3.053674661430861e-05,0.020010980602938676
sensor_572,11,16,0.2443158746661642,0.22719214805284793,0.0004812539183865,0.014601311149551295,-8.418792999225767e-05,-0.001752491403910714
sensor_175,20,12,0.1931505057234064,0.306385748208302,0.0020685946110791,0.162819787061174,3.8532078344378446e-05,0.006266767423889886
sensor_180,24,13,0.1828031969787976,0.2663202421474577,0.0017551702472104,0.12871220302187078,0.0006416063459323,0.0383781222407073
sensor_200,13,23,0.2230430358879607,0.20645049672739108,0.0022217390817227,0.1079649502891048,0.0006264355551887,0.0031120961883359774
sensor_038,14,35,0.2175633274219526,0.16938263576148993,0.0008404502393286,0.01500060010018496,0.0001112995826696,0.0022178606391064296
sensor_460,16,14,0.2135662563463943,0.24088619275147044,0.0012870687283649,0.07102772960698572,0.0006762594483532,0.04905909292015459
sensor_035,15,81,0.2155189098753104,0.10941633995280337,0.0013048126872304,0.014276301343865972,0.0006906891021989,0.0024490880684462568
sensor_163,36,15,0.1639925288405457,0.23004331847776022,0.0008408626958356,0.0698291708934452,0.0002966789569233,0.03562272090204072
sensor_316,17,50,0.2115008489955482,0.14163466873859673,0.0018746912205234,0.0582911681638182,0.000873130252431,0.02173728429071455
sensor_431,18,25,0.2090018231654205,0.2018274376750892,0.0011939262339315,0.054019474408145834,0.0003844899943927,0.017457550515672146
sensor_480,46,18,0.1490539399660658,0.21673636773063032,0.0009289144704788,0.07663549374010703,-0.0007472944660745,-0.050814143515902854
sensor_090,51,19,0.1415596454393373,0.21605555571615187,0.0009813394451808,0.08601059003972425,0.0007366687520272,0.04209758707374107
sensor_523,19,21,0.2073694364217834,0.211496542165308,0.000761502344737,0.042231137963494036,0.0004116438095127,-0.010374979080916972
sensor_570,33,20,0.1721236678518941,0.21525580090749885,0.0006154239542556,0.047567765046112,2.968741106712499e-05,0.019637888931410954
sensor_028,22,186,0.1877490470366162,0.02738666915800989,0.0017149539066839,0.013423511888121874,0.0013599813095104,-0.005297414337279245
sensor_417,29,22,0.1756542319095125,0.20994538774970012,0.0009250365675112,0.0605911089226145,3.230733711091332e-05,0.011885519146130247
sensor_484,23,30,0.1866319153401983,0.19135222811152244,0.0012938103638176,0.0624420935352003,-0.0001163224931492,0.014406484226273513
sensor_019,62,24,0.1372124054528283,0.2026739791794508,0.0010879514704942,0.0833260036918063,0.0010881021886055,0.06515843805256581
sensor_430,25,46,0.181323325906836,0.14544976910418128,0.0010023499104713,0.03142615236234251,-0.0004123587082415,-0.010829109868391872
sensor_423,26,53,0.1791478480036952,0.13947443652296548,0.0014470172810799,0.04620256389644564,-0.0002119699513682,-0.015382129485471827
sensor_547,28,26,0.1762035131785493,0.20009950895733075,0.0014529262497103,0.08402625181105497,-8.904058096616633e-05,0.004771438755400261
sensor_039,27,29,0.1772003373389507,0.19153731224757614,0.001205901095454,0.06289423334841696,5.345044504921436e-05,0.013446630093882824
sensor_126,34,27,0.1710750001550791,0.19606274975952392,0.0010522116613578,0.060477391519512626,0.0007298682405879,0.045251802333774835
sensor_443,55,28,0.1408259758400054,0.19192980592983871,0.0012909227370021,0.0930780297166417,-0.0005878490721664,-0.021707404362023664
sensor_122,30,123,0.1740918329085619,0.07942243187293237,0.0016120276473061,0.03258586130143886,0.0007754012237411,0.014674987663914622
sensor_000,83,31,0.1230907875236601,0.18969983953488181,0.0007443823951611,0.07619345603293483,0.0003962389390311,0.010295456345639973
sensor_159,31,61,0.1737803778252778,0.1301551906554872,0.0009470354393492,0.02398724451713571,-0.0003156437799563,-0.007711736042821211
sensor_125,32,57,0.1726166462053779,0.1322855467004797,0.0017987030709486,0.06598153498854231,0.0001447911223098,0.004280560822084401
sensor_416,43,32,0.156665873579614,0.1807590514105053,0.0011399647665148,0.06354994949889904,0.0003641008664737,0.03132425890019704
sensor_034,90,33,0.1183432963667818,0.18000572237734652,0.0005100379570151,0.058564175895704826,-0.0001172474418713,0.007573838845300858
sensor_270,40,34,0.1599883748382875,0.17709220975367543,0.0010746582211889,0.061560677224399465,-0.0002663790825435,-0.012982611896703052
sensor_468,35,107,0.1674036656504829,0.09062532484274427,0.0008427508066427,0.010542424202241898,0.0008301076210342,0.0018887447091098354
sensor_182,78,36,0.1252153760226393,0.16841860648026297,0.0011935051984122,0.07692258243681126,0.0003348541356461,0.029918596917896677
sensor_155,37,100,0.1638445357593439,0.10019406566384172,0.0007101375368763,0.009679403196097867,0.0006963145003561,0.0008763005322783232
sensor_483,44,37,0.1548059776375513,0.16697563421299955,0.0005417487145535,0.030590364087651416,-6.055498985957224e-05,0.010038681355027253
sensor_250,49,38,0.1436287258681526,0.1610536443779506,0.0010726249973471,0.05700616821886982,-0.0005274555791782,-0.03709317934596608
sensor_563,38,45,0.1628369662840744,0.1454797727879687,0.0015724663273264,0.06191223328030536,0.0004979903323965,0.03585879987561937
sensor_491,39,40,0.1608029242325213,0.15695206937697567,0.0009596190316629,0.042504151752455914,-0.0002335734300063,0.016228473437955297
sensor_549,58,39,0.1394921195078945,0.1586111479419433,0.0006448519709059,0.03815700114050478,-3.315508336291302e-05,0.012604036675025108
sensor_025,81,41,0.1234126655837551,0.15602282002603707,0.0004502105307853,0.039005981417343905,6.463051786386446e-05,0.006269623141906029
sensor_433,41,89,0.1595443044315015,0.10684779152476928,0.0012772780503411,0.029583962955267395,-4.10866201332336e-05,0.010797672838700173
sensor_037,42,56,0.1585422627184112,0.13367029052490198,0.0008319074863143,0.026742938191066046,0.0001307395597985,-0.005546539163200543
sensor_071,111,42,0.1015936278330221,0.15085124897682267,0.0003329377538409,0.04145427123132564,-7.057625938306945e-05,-0.009702850747511253
sensor_139,67,43,0.1308654352226725,0.15002949062323925,0.000548370885224,0.0366812569118486,2.5434554820102656e-05,-0.0034219165203801735
sensor_356,71,44,0.1291003537060034,0.14643080637638456,0.0005309258639247,0.03764115900294723,-0.0004348056645861,-0.013383476438182846
sensor_063,45,52,0.1499513292845431,0.13972202356044186,0.0008461311773526,0.041271364298340676,0.0006175264893908,0.011187723164014365
sensor_115,47,116,0.1466757493882175,0.08393077323213372,0.0008597266130264,0.011528027071799219,0.000459018993618,0.0070003969842759445
sensor_419,187,47,0.0436923919674158,0.145036723970503,0.000499769752297,0.07438572120200809,-4.6833258504727664e-06,-0.01897372969841521
sensor_117,87,48,0.1200286717166264,0.14295666837934315,0.0009143858733129,0.05678693500977524,0.0005969974371002,0.027921972315868935
sensor_471,50,49,0.1431145779403479,0.14243467765377812,0.000412500570836,0.015614190523110034,4.5418443472757165e-05,-0.013411531006998642
sensor_183,72,51,0.1288093386444096,0.14113205316088084,0.0014271641300486,0.07696263671510818,0.0001569167232278,-0.005847098718644942
sensor_024,52,59,0.1413561980051148,0.13136086380167522,0.0005386537142733,0.019742783705999033,-1.0261678276880803e-05,-0.0031044818104387466
sensor_023,53,82,0.1412020714558158,0.10897505427673146,0.0005239172005776,0.007958070147659476,-5.042810403066e-05,-0.0010123051641141591
sensor_199,54,83,0.1410024758818016,0.10851668248397739,0.0004885522422076,0.007065249179003487,0.0001528711771789,0.002764286519332935
sensor_412,56,54,0.1405184419232047,0.13673322293156892,0.0003601839823376,0.015809979576574477,0.0001152041730631,-0.004070800105525486
sensor_124,61,55,0.137701024755055,0.13397690333334503,0.0012503126199062,0.05786193849237121,0.0010206460940419,0.04742088190669805
sensor_137,57,63,0.1396807184162404,0.1241101510376091,0.0013087184464619,0.05207048386971811,-0.0004920335340453,-0.02998277668133796
sensor_015,80,58,0.1243692000029671,0.13228170063595596,0.0011368297029063,0.057116074333695276,-6.226462845535113e-05,0.010536246234288765
sensor_135,59,71,0.1385014018901325,0.1172006571863837,0.0007143888455208,0.024417204295950932,0.0002006346983518,0.004690525923525561
sensor_202,70,60,0.1291727162018548,0.13081268839691157,0.0011918260291101,0.06437845233137814,0.000480679919956,0.0064231261528182185
sensor_432,60,78,0.1380417622292396,0.11224619193250847,0.0006560941802102,0.022919235391417006,-0.0003648571401212,-0.0011689459928710634
sensor_494,73,62,0.1285525590341713,0.12521120380321915,0.0003947213735993,0.016078410793270458,1.0827838171740052e-06,-0.0037059538453003147
sensor_336,63,90,0.1364454729291037,0.10635762303603426,0.0014208617266472,0.04524695187417055,2.972748809926191e-05,0.021375796142053607
sensor_120,64,94,0.1351189669878313,0.10359104724829601,0.0007251538535605,0.013443787246825725,4.70967599954235e-05,0.013911227512643579
sensor_164,74,64,0.1280066542275643,0.12382712281582678,0.0004050700347504,0.01898305551632222,-0.0003676923289276,-0.011728767909733446
sensor_096,91,65,0.1181071370681074,0.1232450242649346,0.0005426850259477,0.02703152018199542,-7.737837393044308e-06,0.006819243913851062
sensor_434,65,77,0.1321629150835701,0.11385431169449899,0.0004910908895455,0.013490862215905827,0.0002489538692727,0.011463761023575738
sensor_225,66,69,0.1319150559368345,0.11913393132964414,0.0006939039915343,0.02653310491178283,-3.003519130485204e-05,-0.0018459792928581555
sensor_003,95,67,0.1144932444292708,0.12016017151618102,0.0003530585534812,0.01861081041212792,4.858547417411147e-05,-0.007093549329606022
sensor_032,68,125,0.1301767247384883,0.07702903232976502,0.0007258376230042,0.008645987353863417,0.0002874165768918,0.004285680950227653
sensor_496,79,68,0.1249166089559229,0.11933288650632323,0.0003757907208381,0.017992146084790276,-0.0003485736334734,-0.007520781831459044
sensor_499,86,70,0.1208923523300589,0.11910788738890653,0.0012035166919836,0.05312683444962149,-0.0005682872893966,-0.03751192445578707
sensor_444,123,72,0.0911452122417298,0.11702445888513537,0.0004765947690453,0.038532439376524924,9.046386374183384e-05,0.0018558925058110923
sensor_559,129,73,0.0836746020617163,0.11675086639539918,0.0008110124609805,0.058280589849674914,-4.338737411309854e-05,0.0015144093893188844
sensor_088,114,74,0.0993233236433586,0.1154320237430283,0.0007145744318201,0.04269959527762626,6.20425411604876e-05,-0.006079062344721884
sensor_022,75,134,0.1267965533269053,0.06903549371669389,0.0006780590445425,0.00529062342088503,-0.0003152858867274,0.0011894801394652479
sensor_429,97,75,0.1140164322517529,0.11517439961684142,0.0004137957463235,0.021993086291857086,0.0002615820439411,0.008240620847273878
sensor_184,109,76,0.1043140959731034,0.11475758633849235,0.0006508619828854,0.03765116998699277,-1.866572571403006e-05,0.0007842593206852985
sensor_485,76,99,0.1261901464485552,0.10118907802339538,0.0004725119919649,0.009213427698816567,-9.425464776631816e-05,0.0036959906602215516
sensor_070,77,103,0.1258559364599293,0.09488476728487816,0.001161281939776,0.03821970439814833,-3.936030055912723e-05,0.00486274312850149
sensor_585,99,79,0.112003383635312,0.11208582348306503,0.0004365841518837,0.022773270270649834,0.000119465509176,0.00132349385772539
sensor_500,175,80,0.0574159502743256,0.11011218741473179,0.0005657284258817,0.05932422286278054,-0.0002880592686673,-0.0065524492028547964
sensor_123,82,136,0.1231371563291138,0.0685502582408433,0.0010949204752365,0.03174369389710597,0.0005663502357942,0.00021158770783880152
sensor_014,92,84,0.1176800269912138,0.10793047274675638,0.0011881830301779,0.050422308173140515,-8.356828287440165e-05,0.00954657246028662
sensor_489,84,110,0.1225393336413242,0.08745880985624183,0.0011543754376013,0.03900277364725074,-0.0003609568678315,0.009403266701085402
sensor_128,85,97,0.121148816841834,0.10207635047121633,0.0007023542190756,0.023341118842543168,-3.934305894450091e-05,0.0024687281156885836
sensor_476,104,85,0.1068652038502856,0.10722730025730601,0.0002364854032282,0.009365080261673812,-0.0001385830264747,-0.012599447830589165
sensor_511,118,86,0.0945584890044487,0.10706311420768724,0.000970638373709,0.055784309367637404,0.0003538010981202,0.011597448093740952
sensor_571,102,87,0.1080827365388858,0.10702610310453613,0.0004191320345551,0.022878274250794847,0.0004522601296966,0.011384745934795666
sensor_016,88,98,0.1195876587867257,0.10136099698785139,0.0009278425022068,0.0429607000070881,-0.0005396467891661,0.0017994832036192275
sensor_546,113,88,0.1013094763423836,0.10695288012147597,0.0004646783091731,0.020875009875629645,-7.05006378727039e-05,-0.01679036908747392
sensor_026,89,93,0.1195016115455841,0.103770774075233,0.0003868056584945,0.011232244399113725,-0.0001220340609127,0.002119866177851315
sensor_048,125,91,0.0872113991623758,0.1058351471562496,0.0007158419382649,0.044350024774236114,-4.577821399382279e-05,-0.004878894680049259
sensor_345,139,92,0.0791173958875121,0.1053458301639332,0.0007302823689985,0.04396384006259729,0.0001314911007947,0.023348644449467784
sensor_061,93,133,0.1165637421688819,0.06915791914740782,0.0006154301874412,0.005264277900791592,0.0001456409370997,0.0014510463992648828
sensor_161,94,102,0.1155766937256621,0.0969601085211378,0.0007775007235943,0.02323427045414713,-2.6646799924966905e-05,-0.013026345347595183
sensor_207,96,162,0.1141384873851799,0.04529784669715348,0.0011648571110479,0.018044022522254247,-2.9966217395272103e-05,-0.0020570211546756985
sensor_442,100,96,0.1110222451796534,0.1021200690943236,0.0003068054167017,0.009943597906166808,-6.850245366409077e-05,0.003121669711473592
sensor_072,98,143,0.1128289125159483,0.05882352941176471,0.0005984957156709,0.0,6.537406575807554e-05,0.0
sensor_151,101,117,0.1110050515412752,0.08361017505512017,0.0007507078858344,0.021932431509113785,-0.0003652391513959,0.014165569670656797
sensor_555,106,101,0.1068065415878467,0.09719258068820738,0.000394230203079,0.014300424753321961,6.597736945655791e-05,-0.0016739890587563885
sensor_162,103,129,0.1078900510169659,0.07544921920574697,0.0006869103246506,0.014537530976268297,-3.4085642513454804e-05,-0.003777936091603982
sensor_269,107,104,0.1048556615309261,0.09406428361702604,0.0004890445696246,0.01870286518942741,0.0001210455401019,0.0028780714846600775
sensor_218,117,105,0.0951505631603486,0.09288183226749551,0.0007591540310236,0.03680472064054806,-0.0001937476747851,0.005668845356302368
sensor_273,105,146,0.1068142801846607,0.05625658038747407,0.0007580126161286,0.011385785000627506,-0.0001936943146275,0.000993930290440518
sensor_473,110,106,0.1028943273398959,0.0912926099301451,0.0004738155491158,0.017082986019065688,9.85179086976667e-05,0.003061920438142523
sensor_029,148,108,0.0751249949168585,0.08895219595389,0.0004110810423378,0.02670198196591217,-0.0001421587881247,-0.009272761983333338
sensor_066,108,165,0.1044740866078884,0.04417298009296319,0.0008228372448187,0.010105046866755278,0.0003278152432197,0.004029870414052569
sensor_138,116,109,0.0969253536946459,0.08786498935858345,0.0004144269210477,0.014819506960898737,7.035335674107233e-05,-0.0040061907275572625
sensor_589,121,111,0.092393477651884,0.08729382650751022,0.0003505404499305,0.014572759472237315,0.0001071875158341,0.0038042317155755137
sensor_474,112,112,0.1013867197832317,0.08723124615879081,0.000458102076419,0.01401796080057872,-9.36140386966532e-05,-0.005236003533463279
sensor_133,155,113,0.069546415902794,0.0867681216617523,0.0006163027011541,0.03903133211358952,0.0005624743692733,0.026419610720471103
sensor_044,130,114,0.0833464112700857,0.08594992156639314,0.000538740101137,0.025776582459072363,-3.891062655255469e-05,-0.0071874562929937335
sensor_001,115,126,0.097405085920245,0.0768398157314892,0.0006176917183421,0.022246927206280673,-0.0002939520058659,-0.002847748340063643
sensor_045,140,115,0.0786743706385968,0.08487116227326029,0.0006194377992767,0.033354278376498736,-4.100529475293299e-05,-0.00280812362308085
sensor_551,127,118,0.0843816447841287,0.08252386597547276,0.0004028310248761,0.017189637704144677,-7.85872458513543e-05,0.007392994676889761
sensor_098,119,132,0.092621626193052,0.07145314366433267,0.0005104606112259,0.012673941835131534,3.803600167782525e-05,0.00274304978538715
sensor_142,183,119,0.0503480994324345,0.08244904119227553,0.0004148955703892,0.038427499719809396,-8.601447432155087e-05,-0.0032544444842779
sensor_150,120,130,0.0925513150250048,0.07494626132745401,0.0005043231287801,0.015144237640058355,-5.454707946011968e-05,-0.0013301421919768225
sensor_486,164,120,0.0645997500234908,0.08225456354930898,0.0006721187150102,0.04472572408914994,0.0002138148615264,0.003764911754744066
sensor_188,173,121,0.0584503923000394,0.08159403070911388,0.0006256310706845,0.03875376950442058,0.0001392821591593,0.01919697852409307
sensor_002,172,122,0.0585379868652257,0.08137443772898334,0.0003638206302973,0.024852264489438,-0.0001171767690859,0.02083183637886273
sensor_040,122,193,0.0911608025755889,0.017155763192842205,0.0008019694887092,0.0059151888159355666,0.0007554810675416,0.010188084978593406
sensor_050,134,124,0.0803320231598624,0.07776093272898288,0.0007228323293724,0.03439811298726839,0.0001977281093118,0.007117673049115142
sensor_562,124,142,0.0900127392898239,0.059531568105222366,0.0005910792288963,0.012174649485629747,0.0001136901990306,-0.0038763560634226526
sensor_201,126,157,0.086418499449438,0.04762461360123493,0.0005776275750597,0.006033441145684882,2.76318977402912e-05,0.0024135298701086446
sensor_043,152,127,0.0707889789011011,0.07678111807816104,0.0006562180843674,0.03273129645217923,-6.493809470141759e-05,-0.010196928550832991
sensor_204,143,128,0.077167101435267,0.07626660541890155,0.0003900591461608,0.018608267420195078,-0.0002798364990385,-0.011986778952709795
sensor_223,128,155,0.0838110612299618,0.048983119664828115,0.0006153396014067,0.012728532497010303,-0.0002362319867925,0.004228043972682054
sensor_196,163,131,0.064952380078224,0.07329906931895773,0.0002949553815375,0.01780305353342185,-0.0001403483616734,0.00962400768017043
sensor_545,131,168,0.0831325422826523,0.04239014849590422,0.0005552902360509,0.009719104181172823,0.0003981113333259,0.002340911609419907
sensor_569,132,135,0.0827759645118379,0.06886364604467711,0.0002725249548826,0.004874660935848703,7.064279977122922e-06,-0.0020701049890165177
sensor_068,133,150,0.0825447287809892,0.05518639397515042,0.0007023500411645,0.02341372168981054,-0.0003397967689607,-0.0025294003350908884
sensor_006,135,145,0.0802982853307454,0.05876115762188796,0.0005668064914428,0.01866023283848683,0.0002617261761743,0.0029816102383704783
sensor_185,136,137,0.0800233893183157,0.06722265397561494,0.000476243887428,0.01788763696913218,-0.0001143956265874,-1.080099998280494e-05
sensor_439,137,144,0.0799102832737193,0.05879084084738091,0.0006224288633529,0.01867349441266681,-7.565949460200841e-05,0.0029908989697464933
sensor_004,166,138,0.0609094137624268,0.06545620030717172,0.0004129997690726,0.021008465295767994,4.912356492808061e-05,0.006847794777258878
sensor_203,138,147,0.0793477249001608,0.05603995467151749,0.0007185560504854,0.021210446680280923,0.0001759957688771,0.009916699999321304
sensor_268,171,139,0.0588452227016379,0.06417964281519165,0.0004482518346741,0.03139644088890095,0.0007027085319506,0.012582506888186415
sensor_195,141,140,0.0782000099295259,0.06378620187943426,0.0007076283980899,0.026429140545271363,0.0001690576542608,0.0074979939097160565
sensor_073,182,141,0.0510889256350617,0.061678900891728644,0.0003151082722807,0.020233552874485625,3.3494311217342477e-06,0.003151512265516958
sensor_055,142,152,0.0775329173632748,0.053697145557737434,0.0007461542658694,0.028957213219396108,0.0004440876187652,-0.0031202859017090924
sensor_062,144,179,0.076768196267856,0.03404201593900337,0.0005912522504395,0.005297408304624905,6.056798193258371e-05,0.001634888226917372
sensor_420,145,158,0.0767605336918799,0.04754221553296972,0.0007080244383383,0.01811177725116358,0.0001166789152072,-0.005335011888629489
sensor_493,146,156,0.0759781241389549,0.04858328741385906,0.0005799529062086,0.01403730910806027,-6.749001913292972e-05,5.360510100439579e-06
sensor_067,147,173,0.0755103924436146,0.03837792729979936,0.0006959599239614,0.014041664986426278,0.0001096222597104,-0.002400530842138542
sensor_041,160,148,0.0656353766733098,0.05598361963115618,0.0004380515742691,0.013566490674914503,0.0001394687770302,0.012726317179198787
sensor_012,153,149,0.0705609560432946,0.055248936928703606,0.0004960749721623,0.01587333011824659,0.0001347846199962,0.005237227412769661
sensor_181,149,172,0.0738170074755085,0.04075137384620694,0.0007881105901929,0.020109280308097357,0.0001820908397295,0.0075104051371338845
sensor_134,150,183,0.0729133519130151,0.03255312438048468,0.000642835007862,0.010437427363636505,-0.0001818794770503,0.003337823761242886
sensor_438,151,160,0.0720908565007332,0.04590241809992397,0.0005262973945225,0.010412638606807623,-9.554216149507396e-05,-0.005852248992947587
sensor_525,167,151,0.060291000847011,0.05473880259680589,0.0005103673188695,0.021401463990015548,0.0001436332662484,-0.007381884182102477
sensor_169,188,153,0.043480301415578,0.05369090021999498,0.0004727014777286,0.026732975838674008,-8.098510207421201e-05,-0.009238046410153897
sensor_198,154,159,0.0695645127354443,0.04729605412496886,0.0005517237363257,0.019452677353375712,0.0003450763599482,-0.0012610560551310117
sensor_539,176,154,0.0561251948988301,0.0527185388718811,0.0005105649967675,0.025294517308296936,0.0004130494767357,0.01169971955587707
sensor_208,156,163,0.0681917659831701,0.04527880946270878,0.0006192562973968,0.014410931364485595,-8.71271914968493e-05,-0.012036190947411457
sensor_187,157,164,0.0676234110720437,0.04458211194988352,0.0007066217497522,0.023438212794444895,0.000214395170435,-0.004253283693931209
sensor_060,158,174,0.0672263006291259,0.03835587925403862,0.0006352363770713,0.013118588689616047,3.324144497595977e-06,0.00490941576176025
sensor_426,159,170,0.0662386680803823,0.041806649762973824,0.0005364325687251,0.015048779244668135,0.0002742530555299,0.004919036156088087
sensor_047,181,161,0.0538984348726777,0.045776395822056684,0.0004736472865674,0.016771327223292113,-3.020492312760568e-05,-0.006301822286734075
sensor_472,161,182,0.065152926457144,0.03274136648640215,0.0005502845275061,0.010374989908052887,-0.0001927673867507,-0.003800418797172837
sensor_564,162,177,0.0649899095763117,0.03529411764705882,0.0002957635662704,0.0,-0.0001391787928166,0.0
sensor_526,165,178,0.0642097475211552,0.03493923799787112,0.0005871135709123,0.012509393525492634,4.518088085687073e-05,0.0013133598081811228
sensor_177,179,166,0.0542907631916301,0.043360853719632365,0.0003894096151517,0.016769425691942223,-0.00030505539117,0.002578175974421746
sensor_413,177,167,0.0558229315245182,0.04244870137444169,0.0003527184570031,0.009113442354756227,-5.508343382320815e-05,-0.004099796883297658
sensor_166,168,176,0.0600225603642546,0.03542572631185317,0.0003737322981138,0.0062020793098031,-0.0001392320259735,0.0012787119101753508
sensor_018,169,169,0.0596281992527251,0.04223498093816767,0.0003864585753367,0.010166423433923003,-8.580127532134178e-05,-0.000869089031744734
sensor_255,170,188,0.0594126223186946,0.026490945215490697,0.0004559754215141,0.007758418654312626,0.000280887708481,-0.0013598270552368627
sensor_550,180,171,0.0540583516712689,0.04131294559836994,0.0004516653613836,0.01332642067085127,0.0001039721278703,0.00890171191909953
sensor_170,174,192,0.0576777749071074,0.017873670740482843,0.0006574844051069,0.009002639493492724,-1.31678362860226e-05,0.002790913006062087
sensor_167,184,175,0.0498617532146828,0.03827096660166063,0.0002912972030685,0.0073947810485646154,-3.349153462574381e-05,-0.0023852303786629403
sensor_337,178,189,0.0547990782075755,0.023529411764705882,0.000302868597876,0.0,0.0001731003627149,0.0
sensor_154,192,180,0.0340104035975734,0.03390340632644906,0.0003720578728825,0.018955242474663323,5.619336045429689e-05,0.0001183435633755124
sensor_046,190,181,0.0424253830400605,0.03275005496887897,0.0003356906661607,0.011340170276125484,4.980014293283387e-05,0.0011549209865677902
sensor_083,191,184,0.0366689907995051,0.029473276495564395,0.0004103869555225,0.015203820571954406,-3.195029213982121e-05,0.003614068511486683
sensor_051,185,195,0.0496807420455507,0.015122304689044599,0.0005132755557762,0.007189172927917138,0.0001756491110732,-0.0035394118121360204
sensor_548,195,185,0.0247546861934896,0.02908928843958041,0.0002651412360417,0.015597542108295741,5.844200076752695e-05,-0.0019366672911053497
sensor_520,186,187,0.0453595604313358,0.026610726761359654,0.0003207770385334,0.007979689019637262,0.0002002586608548,0.0009351716428795644
sensor_487,189,197,0.0434512392697436,0.006208485145946907,0.0004712309499956,0.0029454345627581103,8.450703234637662e-05,-0.0014698913928163936
sensor_136,193,190,0.0314067884361046,0.021600846916429956,0.0003109975895047,0.01157420836820988,0.0001527951280267,-0.0014603323913935764
sensor_482,196,191,0.0160797638565213,0.02136801066233428,0.000181421898753,0.011518480996613331,9.480411222835973e-06,-0.0012544214491882813
sensor_418,194,194,0.0251826828064031,0.015344821192697785,0.0002467197053734,0.008190966286766195,0.000130707881452,0.0011231387551239266
sensor_521,197,196,0.0131429644149842,0.011764705882352941,1.3395568874617378e-05,0.0,-7.486659905293567e-06,0.0
sensor_074,198,198,0.0,0.0,0.0,0.0,0.0,0.0
