trial_id,emb_dim,hidden_size,num_layers,dropout,lr,batch_size,val_loss,val_pr_auc,val_roc_auc,n_params,checkpoint_path,status,error
trial_025,8,128,1,0.0,0.001,64,1.8863266309102376,0.3322747327262091,0.7254001883239172,55057,models\sequence_sweep\trial_025\sequence_gru.pt,ok,
trial_028,8,128,2,0.1,0.001,32,2.560986340045929,0.31769234063246854,0.7940207156308852,154129,models\sequence_sweep\trial_028\sequence_gru.pt,ok,
trial_032,8,128,2,0.3,0.001,32,2.4248655724028745,0.30330570035856563,0.714806967984934,154129,models\sequence_sweep\trial_032\sequence_gru.pt,ok,
trial_029,8,128,2,0.1,0.001,64,3.2839268843332925,0.2852814743625827,0.7032721280602636,154129,models\sequence_sweep\trial_029\sequence_gru.pt,ok,
trial_061,16,128,1,0.0,0.001,64,1.6918540199597676,0.25895192044268833,0.7000941619585687,59681,models\sequence_sweep\trial_061\sequence_gru.pt,ok,
trial_100,32,128,2,0.1,0.001,32,5.616854168474674,0.25803861512279214,0.6862052730696798,168001,models\sequence_sweep\trial_100\sequence_gru.pt,ok,
trial_096,32,128,1,0.0,0.001,32,3.596625070242832,0.2505332133881912,0.717984934086629,68929,models\sequence_sweep\trial_096\sequence_gru.pt,ok,
trial_068,16,128,2,0.3,0.001,32,4.78591470203052,0.24990045412736767,0.6466572504708098,158753,models\sequence_sweep\trial_068\sequence_gru.pt,ok,
trial_065,16,128,2,0.1,0.001,64,4.678247610727946,0.20776148706984102,0.637358757062147,158753,models\sequence_sweep\trial_065\sequence_gru.pt,ok,
trial_031,8,128,2,0.1,0.0003,64,1.1653630634148915,0.20605928886816835,0.7294020715630886,154129,models\sequence_sweep\trial_031\sequence_gru.pt,ok,
trial_069,16,128,2,0.3,0.001,64,3.9733328819274902,0.19676568885925322,0.6500706214689266,158753,models\sequence_sweep\trial_069\sequence_gru.pt,ok,
trial_033,8,128,2,0.3,0.001,64,2.8286277055740356,0.1933257735514537,0.6354755178907721,154129,models\sequence_sweep\trial_033\sequence_gru.pt,ok,
trial_106,32,128,2,0.3,0.0003,32,1.4574290563662846,0.18841016566012056,0.7053907721280602,168001,models\sequence_sweep\trial_106\sequence_gru.pt,ok,
trial_046,16,32,2,0.3,0.0003,32,1.216548924644788,0.1860805301823297,0.6226459510357816,14369,models\sequence_sweep\trial_046\sequence_gru.pt,ok,
trial_030,8,128,2,0.1,0.0003,32,1.1017402311166127,0.17881133945192432,0.7452919020715632,154129,models\sequence_sweep\trial_030\sequence_gru.pt,ok,
trial_083,32,32,2,0.3,0.0003,64,1.1937995553016663,0.1786274904527181,0.6552495291902072,19009,models\sequence_sweep\trial_083\sequence_gru.pt,ok,
trial_056,16,64,2,0.3,0.001,32,3.2802217975258827,0.17741149760255062,0.6226459510357815,44065,models\sequence_sweep\trial_056\sequence_gru.pt,ok,
trial_105,32,128,2,0.3,0.001,64,4.415823698043823,0.1689238053807471,0.603813559322034,168001,models\sequence_sweep\trial_105\sequence_gru.pt,ok,
trial_008,8,32,2,0.3,0.001,32,2.6333407387137413,0.1676653712349569,0.6603107344632768,12049,models\sequence_sweep\trial_008\sequence_gru.pt,ok,
trial_043,16,32,2,0.1,0.0003,64,1.2059205373128254,0.16635601751693369,0.623352165725047,14369,models\sequence_sweep\trial_043\sequence_gru.pt,ok,
trial_040,16,32,2,0.1,0.001,32,1.6552611390749614,0.16633351738661312,0.6327683615819208,14369,models\sequence_sweep\trial_040\sequence_gru.pt,ok,
trial_082,32,32,2,0.3,0.0003,32,1.1951195647319157,0.1660520198831458,0.667725988700565,19009,models\sequence_sweep\trial_082\sequence_gru.pt,ok,
trial_042,16,32,2,0.1,0.0003,32,1.2360664804776509,0.16522393460252063,0.5906308851224106,14369,models\sequence_sweep\trial_042\sequence_gru.pt,ok,
trial_034,8,128,2,0.3,0.0003,32,1.219884231686592,0.1650524960297459,0.6398305084745762,154129,models\sequence_sweep\trial_034\sequence_gru.pt,ok,
trial_079,32,32,2,0.1,0.0003,64,1.2012774745623271,0.16491927553944993,0.6499529190207156,19009,models\sequence_sweep\trial_079\sequence_gru.pt,ok,
trial_102,32,128,2,0.1,0.0003,32,1.5970028291145961,0.15884349949388604,0.6487758945386064,168001,models\sequence_sweep\trial_102\sequence_gru.pt,ok,
trial_064,16,128,2,0.1,0.001,32,5.296241415354113,0.15842790798726375,0.646186440677966,158753,models\sequence_sweep\trial_064\sequence_gru.pt,ok,
trial_078,32,32,2,0.1,0.0003,32,1.2043046553929646,0.1576823963257483,0.6731403013182674,19009,models\sequence_sweep\trial_078\sequence_gru.pt,ok,
trial_041,16,32,2,0.1,0.001,64,1.514206459124883,0.15712335935670926,0.681497175141243,14369,models\sequence_sweep\trial_041\sequence_gru.pt,ok,
trial_084,32,64,1,0.0,0.001,32,2.3798227347433567,0.1554232607852809,0.6731403013182674,25281,models\sequence_sweep\trial_084\sequence_gru.pt,ok,
trial_047,16,32,2,0.3,0.0003,64,1.2086914777755737,0.15459670773230738,0.6355932203389831,14369,models\sequence_sweep\trial_047\sequence_gru.pt,ok,
trial_044,16,32,2,0.3,0.001,32,2.1540762558579445,0.15138770822547468,0.6794962335216572,14369,models\sequence_sweep\trial_044\sequence_gru.pt,ok,
trial_071,16,128,2,0.3,0.0003,64,1.2756975789864857,0.15039587418866368,0.6911487758945386,158753,models\sequence_sweep\trial_071\sequence_gru.pt,ok,
trial_097,32,128,1,0.0,0.001,64,2.052356561024984,0.15026850612899245,0.6290018832391714,68929,models\sequence_sweep\trial_097\sequence_gru.pt,ok,
trial_103,32,128,2,0.1,0.0003,64,1.6467664241790771,0.14858796253165166,0.5761534839924671,168001,models\sequence_sweep\trial_103\sequence_gru.pt,ok,
trial_053,16,64,2,0.1,0.001,64,2.3314730723698935,0.1475366074150008,0.6607815442561205,44065,models\sequence_sweep\trial_053\sequence_gru.pt,ok,
trial_036,16,32,1,0.0,0.001,32,1.6170485292871792,0.1453682570401632,0.682791902071563,8033,models\sequence_sweep\trial_036\sequence_gru.pt,ok,
trial_017,8,64,2,0.1,0.001,64,3.028505523999532,0.14461209157792826,0.6292372881355932,40977,models\sequence_sweep\trial_017\sequence_gru.pt,ok,
trial_088,32,64,2,0.1,0.001,32,4.586746331769973,0.14456039806935375,0.698093220338983,50241,models\sequence_sweep\trial_088\sequence_gru.pt,ok,
trial_001,8,32,1,0.0,0.001,64,1.1631420751412709,0.14390582346746406,0.7535310734463276,5713,models\sequence_sweep\trial_001\sequence_gru.pt,ok,
trial_092,32,64,2,0.3,0.001,32,3.38302495641013,0.1425695344884607,0.6320621468926554,50241,models\sequence_sweep\trial_092\sequence_gru.pt,ok,
trial_026,8,128,1,0.0,0.0003,32,1.1914926419655483,0.13992098823072857,0.6847928436911488,55057,models\sequence_sweep\trial_026\sequence_gru.pt,ok,
trial_066,16,128,2,0.1,0.0003,32,1.6809431823591392,0.13952338567121433,0.685969868173258,158753,models\sequence_sweep\trial_066\sequence_gru.pt,ok,
trial_045,16,32,2,0.3,0.001,64,1.4516193568706512,0.13932186159335772,0.6802024482109228,14369,models\sequence_sweep\trial_045\sequence_gru.pt,ok,
trial_004,8,32,2,0.1,0.001,32,2.1285950168967247,0.13897960545688295,0.6671374764595103,12049,models\sequence_sweep\trial_004\sequence_gru.pt,ok,
trial_089,32,64,2,0.1,0.001,64,3.9085926612218223,0.13857994877005606,0.574741054613936,50241,models\sequence_sweep\trial_089\sequence_gru.pt,ok,
trial_020,8,64,2,0.3,0.001,32,3.783617856601874,0.13849115798574518,0.5998116760828625,40977,models\sequence_sweep\trial_020\sequence_gru.pt,ok,
trial_038,16,32,1,0.0,0.0003,32,1.2250428448120754,0.13626594267787703,0.611464218455744,8033,models\sequence_sweep\trial_038\sequence_gru.pt,ok,
trial_060,16,128,1,0.0,0.001,32,1.1559874316056569,0.13578976321581804,0.7049199623352165,59681,models\sequence_sweep\trial_060\sequence_gru.pt,ok,
trial_021,8,64,2,0.3,0.001,64,2.1629442969957986,0.13550466002676,0.6760828625235404,40977,models\sequence_sweep\trial_021\sequence_gru.pt,ok,
trial_039,16,32,1,0.0,0.0003,64,1.2121297121047974,0.1348254640422239,0.6353578154425612,8033,models\sequence_sweep\trial_039\sequence_gru.pt,ok,
trial_107,32,128,2,0.3,0.0003,64,1.4002939860026042,0.13476922427078133,0.6480696798493408,168001,models\sequence_sweep\trial_107\sequence_gru.pt,ok,
trial_074,32,32,1,0.0,0.0003,32,1.206126719713211,0.13446094404689535,0.6499529190207156,12673,models\sequence_sweep\trial_074\sequence_gru.pt,ok,
trial_022,8,64,2,0.3,0.0003,32,1.2197719489534695,0.13413144105020777,0.7277542372881357,40977,models\sequence_sweep\trial_022\sequence_gru.pt,ok,
trial_075,32,32,1,0.0,0.0003,64,1.2018177310625713,0.13238945592244272,0.6603107344632768,12673,models\sequence_sweep\trial_075\sequence_gru.pt,ok,
trial_002,8,32,1,0.0,0.0003,32,1.2284553622206051,0.13222970357974484,0.653954802259887,5713,models\sequence_sweep\trial_002\sequence_gru.pt,ok,
trial_062,16,128,1,0.0,0.0003,32,1.209947759906451,0.13108747295954537,0.7152777777777778,59681,models\sequence_sweep\trial_062\sequence_gru.pt,ok,
trial_087,32,64,1,0.0,0.0003,64,1.2494911154111226,0.12936327332459252,0.5795668549905838,25281,models\sequence_sweep\trial_087\sequence_gru.pt,ok,
trial_101,32,128,2,0.1,0.001,64,3.289599816004435,0.12843541042802137,0.6470103578154426,168001,models\sequence_sweep\trial_101\sequence_gru.pt,ok,
trial_073,32,32,1,0.0,0.001,64,1.317356248696645,0.12792756834862457,0.6672551789077212,12673,models\sequence_sweep\trial_073\sequence_gru.pt,ok,
trial_063,16,128,1,0.0,0.0003,64,1.22846923271815,0.1268295353640426,0.6685499058380415,59681,models\sequence_sweep\trial_063\sequence_gru.pt,ok,
trial_023,8,64,2,0.3,0.0003,64,1.2042800883452098,0.1260082257967739,0.6895009416195857,40977,models\sequence_sweep\trial_023\sequence_gru.pt,ok,
trial_086,32,64,1,0.0,0.0003,32,1.188098505139351,0.1259573439975063,0.6756120527306968,25281,models\sequence_sweep\trial_086\sequence_gru.pt,ok,
trial_093,32,64,2,0.3,0.001,64,2.716709872086843,0.12463542995051036,0.609934086629002,50241,models\sequence_sweep\trial_093\sequence_gru.pt,ok,
trial_095,32,64,2,0.3,0.0003,64,1.2606077293554943,0.12435676383758383,0.6520715630885122,50241,models\sequence_sweep\trial_095\sequence_gru.pt,ok,
trial_018,8,64,2,0.1,0.0003,32,1.28497114777565,0.12419306448397045,0.6950329566854991,40977,models\sequence_sweep\trial_018\sequence_gru.pt,ok,
trial_024,8,128,1,0.0,0.001,32,2.5186435089757047,0.12074196024972862,0.681497175141243,55057,models\sequence_sweep\trial_024\sequence_gru.pt,ok,
trial_000,8,32,1,0.0,0.001,32,1.318379374841849,0.12040359425570872,0.6776129943502824,5713,models\sequence_sweep\trial_000\sequence_gru.pt,ok,
trial_067,16,128,2,0.1,0.0003,64,1.3793951869010925,0.11865598801989743,0.637358757062147,158753,models\sequence_sweep\trial_067\sequence_gru.pt,ok,
trial_019,8,64,2,0.1,0.0003,64,1.2249896327654521,0.11630738513594277,0.6819679849340866,40977,models\sequence_sweep\trial_019\sequence_gru.pt,ok,
trial_015,8,64,1,0.0,0.0003,64,1.1920981208483379,0.11542655173396664,0.6772598870056497,16017,models\sequence_sweep\trial_015\sequence_gru.pt,ok,
trial_072,32,32,1,0.0,0.001,32,1.6992007369796436,0.11473673572462291,0.6410075329566856,12673,models\sequence_sweep\trial_072\sequence_gru.pt,ok,
trial_057,16,64,2,0.3,0.001,64,2.3606333335240683,0.11430196873640658,0.6253531073446328,44065,models\sequence_sweep\trial_057\sequence_gru.pt,ok,
trial_011,8,32,2,0.3,0.0003,64,1.2191548546155293,0.1133991524043319,0.6281779661016949,12049,models\sequence_sweep\trial_011\sequence_gru.pt,ok,
trial_035,8,128,2,0.3,0.0003,64,1.5427513420581818,0.11335691819764615,0.5754472693032016,154129,models\sequence_sweep\trial_035\sequence_gru.pt,ok,
trial_016,8,64,2,0.1,0.001,32,2.9720967983206115,0.11184716659891594,0.6873822975517891,40977,models\sequence_sweep\trial_016\sequence_gru.pt,ok,
trial_014,8,64,1,0.0,0.0003,32,1.2329495549201965,0.11110725579838888,0.6521892655367232,16017,models\sequence_sweep\trial_014\sequence_gru.pt,ok,
trial_027,8,128,1,0.0,0.0003,64,1.173802137374878,0.11037755940388644,0.6632532956685498,55057,models\sequence_sweep\trial_027\sequence_gru.pt,ok,
trial_012,8,64,1,0.0,0.001,32,2.3254279717803,0.10996311361737009,0.655484934086629,16017,models\sequence_sweep\trial_012\sequence_gru.pt,ok,
trial_010,8,32,2,0.3,0.0003,32,1.219114417831103,0.1099577652646126,0.6566619585687382,12049,models\sequence_sweep\trial_010\sequence_gru.pt,ok,
trial_049,16,64,1,0.0,0.001,64,1.8296218911806743,0.10916976496311959,0.615936911487759,19105,models\sequence_sweep\trial_049\sequence_gru.pt,ok,
trial_007,8,32,2,0.1,0.0003,64,1.2098529934883118,0.1080807748882055,0.6364171374764596,12049,models\sequence_sweep\trial_007\sequence_gru.pt,ok,
trial_005,8,32,2,0.1,0.001,64,2.0067343711853027,0.10731457729222449,0.6300612052730696,12049,models\sequence_sweep\trial_005\sequence_gru.pt,ok,
trial_054,16,64,2,0.1,0.0003,32,1.361115242044131,0.10679410571165811,0.634063088512241,44065,models\sequence_sweep\trial_054\sequence_gru.pt,ok,
trial_006,8,32,2,0.1,0.0003,32,1.2150940547386806,0.10603637106403732,0.6621939736346516,12049,models\sequence_sweep\trial_006\sequence_gru.pt,ok,
trial_085,32,64,1,0.0,0.001,64,1.7232093910376232,0.10598081140842137,0.6285310734463276,25281,models\sequence_sweep\trial_085\sequence_gru.pt,ok,
trial_098,32,128,1,0.0,0.0003,32,1.8423287570476532,0.10541703043194622,0.5187146892655368,68929,models\sequence_sweep\trial_098\sequence_gru.pt,ok,
trial_070,16,128,2,0.3,0.0003,32,1.7242948437730472,0.10498951301889427,0.6424199623352166,158753,models\sequence_sweep\trial_070\sequence_gru.pt,ok,
trial_076,32,32,2,0.1,0.001,32,2.6073878034949303,0.10497234180391629,0.6513653483992466,19009,models\sequence_sweep\trial_076\sequence_gru.pt,ok,
trial_037,16,32,1,0.0,0.001,64,1.437946617603302,0.10463803197735916,0.6265301318267421,8033,models\sequence_sweep\trial_037\sequence_gru.pt,ok,
trial_081,32,32,2,0.3,0.001,64,1.5193921724955242,0.1032321127443883,0.6757297551789078,19009,models\sequence_sweep\trial_081\sequence_gru.pt,ok,
trial_091,32,64,2,0.1,0.0003,64,1.347703476746877,0.10317360073393557,0.6101694915254237,50241,models\sequence_sweep\trial_091\sequence_gru.pt,ok,
trial_052,16,64,2,0.1,0.001,32,3.8204446248710155,0.10210936809086583,0.59310263653484,44065,models\sequence_sweep\trial_052\sequence_gru.pt,ok,
trial_013,8,64,1,0.0,0.001,64,1.3173720240592957,0.10082635833517194,0.6807909604519774,16017,models\sequence_sweep\trial_013\sequence_gru.pt,ok,
trial_058,16,64,2,0.3,0.0003,32,1.4086658482750256,0.10029578582936916,0.6258239171374765,44065,models\sequence_sweep\trial_058\sequence_gru.pt,ok,
trial_009,8,32,2,0.3,0.001,64,1.6481318672498066,0.09990780669201971,0.6198210922787194,12049,models\sequence_sweep\trial_009\sequence_gru.pt,ok,
trial_055,16,64,2,0.1,0.0003,64,1.271131654580434,0.09563981702329138,0.6253531073446328,44065,models\sequence_sweep\trial_055\sequence_gru.pt,ok,
trial_099,32,128,1,0.0,0.0003,64,1.3713774879773457,0.09562887528295817,0.629590395480226,68929,models\sequence_sweep\trial_099\sequence_gru.pt,ok,
trial_059,16,64,2,0.3,0.0003,64,1.2616759141286213,0.0951325693070785,0.608286252354049,44065,models\sequence_sweep\trial_059\sequence_gru.pt,ok,
trial_051,16,64,1,0.0,0.0003,64,1.2513850927352905,0.09473735198797882,0.5501412429378532,19105,models\sequence_sweep\trial_051\sequence_gru.pt,ok,
trial_003,8,32,1,0.0,0.0003,64,1.2420783638954163,0.09358760385325389,0.586864406779661,5713,models\sequence_sweep\trial_003\sequence_gru.pt,ok,
trial_077,32,32,2,0.1,0.001,64,1.8596892555554707,0.09318032194785363,0.605343691148776,19009,models\sequence_sweep\trial_077\sequence_gru.pt,ok,
trial_094,32,64,2,0.3,0.0003,32,1.3509678294261296,0.09302840781994881,0.6301789077212806,50241,models\sequence_sweep\trial_094\sequence_gru.pt,ok,
trial_050,16,64,1,0.0,0.0003,32,1.2594167614976566,0.09186643907931796,0.6032250470809792,19105,models\sequence_sweep\trial_050\sequence_gru.pt,ok,
trial_080,32,32,2,0.3,0.001,32,1.7810693234205246,0.09048121598995837,0.6208804143126176,19009,models\sequence_sweep\trial_080\sequence_gru.pt,ok,
trial_090,32,64,2,0.1,0.0003,32,1.42554771900177,0.08958944895314608,0.6031073446327684,50241,models\sequence_sweep\trial_090\sequence_gru.pt,ok,
trial_048,16,64,1,0.0,0.001,32,2.2409762740135193,0.08610475298112709,0.6058145009416196,19105,models\sequence_sweep\trial_048\sequence_gru.pt,ok,
trial_104,32,128,2,0.3,0.001,32,4.756946995233496,0.08070239606780097,0.5789783427495292,168001,models\sequence_sweep\trial_104\sequence_gru.pt,ok,
