feature,mean_abs_shap
sensor_033,0.28018130132132857
sensor_059,0.25068116597144624
sensor_205,0.2362460345071626
sensor_519,0.197046920140589
sensor_488,0.19409296574185614
sensor_021,0.1902463309807401
sensor_031,0.1770571060870235
sensor_175,0.162819787061174
sensor_197,0.16087568925363302
sensor_129,0.15728502019908558
sensor_573,0.1485831935452062
sensor_180,0.12871220302187078
sensor_160,0.12840061801578123
sensor_200,0.1079649502891048
sensor_443,0.0930780297166417
sensor_090,0.08601059003972425
sensor_547,0.08402625181105497
sensor_019,0.0833260036918063
sensor_510,0.08013088744169948
sensor_183,0.07696263671510818
sensor_182,0.07692258243681126
sensor_480,0.07663549374010703
sensor_000,0.07619345603293483
sensor_419,0.07438572120200809
sensor_460,0.07102772960698572
sensor_163,0.0698291708934452
sensor_125,0.06598153498854231
sensor_202,0.06437845233137814
sensor_416,0.06354994949889904
sensor_039,0.06289423334841696
sensor_484,0.0624420935352003
sensor_563,0.06191223328030536
sensor_270,0.061560677224399465
sensor_417,0.0605911089226145
sensor_126,0.060477391519512626
sensor_500,0.05932422286278054
sensor_034,0.058564175895704826
sensor_316,0.0582911681638182
sensor_559,0.058280589849674914
sensor_124,0.05786193849237121
sensor_015,0.057116074333695276
sensor_250,0.05700616821886982
sensor_117,0.05678693500977524
sensor_511,0.055784309367637404
sensor_431,0.054019474408145834
sensor_499,0.05312683444962149
sensor_137,0.05207048386971811
sensor_014,0.050422308173140515
sensor_570,0.047567765046112
sensor_423,0.04620256389644564
sensor_336,0.04524695187417055
sensor_486,0.04472572408914994
sensor_048,0.044350024774236114
sensor_345,0.04396384006259729
sensor_016,0.0429607000070881
sensor_088,0.04269959527762626
sensor_491,0.042504151752455914
sensor_523,0.042231137963494036
sensor_071,0.04145427123132564
sensor_063,0.041271364298340676
sensor_133,0.03903133211358952
sensor_025,0.039005981417343905
sensor_489,0.03900277364725074
sensor_188,0.03875376950442058
sensor_444,0.038532439376524924
sensor_142,0.038427499719809396
sensor_070,0.03821970439814833
sensor_549,0.03815700114050478
sensor_184,0.03765116998699277
sensor_356,0.03764115900294723
sensor_218,0.03680472064054806
sensor_139,0.0366812569118486
sensor_050,0.03439811298726839
sensor_045,0.033354278376498736
sensor_043,0.03273129645217923
sensor_122,0.03258586130143886
sensor_123,0.03174369389710597
sensor_430,0.03142615236234251
sensor_268,0.03139644088890095
sensor_483,0.030590364087651416
sensor_433,0.029583962955267395
sensor_064,0.029468137679419883
sensor_055,0.028957213219396108
sensor_096,0.02703152018199542
sensor_037,0.026742938191066046
sensor_169,0.026732975838674008
sensor_029,0.02670198196591217
sensor_225,0.02653310491178283
sensor_195,0.026429140545271363
sensor_044,0.025776582459072363
sensor_539,0.025294517308296936
sensor_002,0.024852264489438
sensor_135,0.024417204295950932
sensor_159,0.02398724451713571
sensor_187,0.023438212794444895
sensor_068,0.02341372168981054
sensor_128,0.023341118842543168
sensor_161,0.02323427045414713
sensor_432,0.022919235391417006
sensor_571,0.022878274250794847
sensor_585,0.022773270270649834
sensor_001,0.022246927206280673
sensor_429,0.021993086291857086
sensor_151,0.021932431509113785
sensor_525,0.021401463990015548
sensor_203,0.021210446680280923
sensor_004,0.021008465295767994
sensor_546,0.020875009875629645
sensor_065,0.020654656667796947
sensor_073,0.020233552874485625
sensor_181,0.020109280308097357
sensor_024,0.019742783705999033
sensor_198,0.019452677353375712
sensor_164,0.01898305551632222
sensor_154,0.018955242474663323
sensor_269,0.01870286518942741
sensor_439,0.01867349441266681
sensor_006,0.01866023283848683
sensor_003,0.01861081041212792
sensor_204,0.018608267420195078
sensor_420,0.01811177725116358
sensor_207,0.018044022522254247
sensor_496,0.017992146084790276
sensor_185,0.01788763696913218
sensor_196,0.01780305353342185
sensor_551,0.017189637704144677
sensor_473,0.017082986019065688
sensor_047,0.016771327223292113
sensor_177,0.016769425691942223
sensor_494,0.016078410793270458
sensor_012,0.01587333011824659
sensor_412,0.015809979576574477
sensor_471,0.015614190523110034
sensor_548,0.015597542108295741
sensor_083,0.015203820571954406
sensor_150,0.015144237640058355
sensor_426,0.015048779244668135
sensor_038,0.01500060010018496
sensor_138,0.014819506960898737
sensor_572,0.014601311149551295
sensor_589,0.014572759472237315
sensor_162,0.014537530976268297
sensor_208,0.014410931364485595
sensor_555,0.014300424753321961
sensor_035,0.014276301343865972
sensor_067,0.014041664986426278
sensor_493,0.01403730910806027
sensor_474,0.01401796080057872
sensor_041,0.013566490674914503
sensor_434,0.013490862215905827
sensor_120,0.013443787246825725
sensor_028,0.013423511888121874
sensor_550,0.01332642067085127
sensor_060,0.013118588689616047
sensor_223,0.012728532497010303
sensor_098,0.012673941835131534
sensor_526,0.012509393525492634
sensor_562,0.012174649485629747
sensor_136,0.01157420836820988
sensor_115,0.011528027071799219
sensor_482,0.011518480996613331
sensor_273,0.011385785000627506
sensor_046,0.011340170276125484
sensor_026,0.011232244399113725
sensor_468,0.010542424202241898
sensor_134,0.010437427363636505
sensor_438,0.010412638606807623
sensor_472,0.010374989908052887
sensor_018,0.010166423433923003
sensor_066,0.010105046866755278
sensor_442,0.009943597906166808
sensor_545,0.009719104181172823
sensor_155,0.009679403196097867
sensor_476,0.009365080261673812
sensor_485,0.009213427698816567
sensor_413,0.009113442354756227
sensor_170,0.009002639493492724
sensor_032,0.008645987353863417
sensor_418,0.008190966286766195
sensor_520,0.007979689019637262
sensor_023,0.007958070147659476
sensor_255,0.007758418654312626
sensor_167,0.0073947810485646154
sensor_051,0.007189172927917138
sensor_199,0.007065249179003487
sensor_166,0.0062020793098031
sensor_201,0.006033441145684882
sensor_040,0.0059151888159355666
sensor_062,0.005297408304624905
sensor_022,0.00529062342088503
sensor_061,0.005264277900791592
sensor_569,0.004874660935848703
sensor_487,0.0029454345627581103
sensor_074,0.0
sensor_072,0.0
sensor_337,0.0
sensor_521,0.0
sensor_564,0.0
