sensor,mean_abs_shap,shap_lift,spc_flag_rate,composite_score
sensor_059,0.25068116597144624,0.46311153620176304,0.01910828025477707,0.8179435098774671
sensor_033,0.28018130132132857,0.12463797348805924,0.01592356687898089,0.6395630254586253
sensor_519,0.197046920140589,0.11369112561619137,0.025477707006369428,0.5194076719253748
sensor_205,0.2362460345071626,0.10140077253667798,0.0031847133757961785,0.49904626050782896
sensor_021,0.1902463309807401,0.069679673177716,0.01592356687898089,0.443467231499463
sensor_573,0.1485831935452062,0.012329949563621032,0.028662420382165606,0.3790250389372465
sensor_488,0.19409296574185614,-0.04903647652528018,0.0,0.3781357479545162
sensor_160,0.12840061801578123,0.012889979877905501,0.03503184713375796,0.36690024164893265
sensor_129,0.15728502019908558,0.07397419658633815,0.0,0.3286042640685035
sensor_031,0.1770571060870235,0.018089072335294443,0.0,0.32768677079692593
sensor_197,0.16087568925363302,0.020010980602938676,0.0031847133757961785,0.3118197842846963
sensor_175,0.162819787061174,0.006266767423889886,0.0031847133757961785,0.306385748208302
sensor_180,0.12871220302187078,0.0383781222407073,0.0031847133757961785,0.2663202421474577
sensor_460,0.07102772960698572,0.04905909292015459,0.022292993630573247,0.24088619275147044
sensor_163,0.0698291708934452,0.03562272090204072,0.022292993630573247,0.23004331847776022
sensor_572,0.014601311149551295,-0.001752491403910714,0.054140127388535034,0.22719214805284793
sensor_510,0.08013088744169948,0.03775565112005658,0.01592356687898089,0.22627962075189748
sensor_480,0.07663549374010703,-0.050814143515902854,0.012738853503184714,0.21673636773063032
sensor_090,0.08601059003972425,0.04209758707374107,0.009554140127388535,0.21605555571615187
sensor_570,0.047567765046112,0.019637888931410954,0.03184713375796178,0.21525580090749885
sensor_523,0.042231137963494036,-0.010374979080916972,0.03503184713375796,0.211496542165308
sensor_417,0.0605911089226145,0.011885519146130247,0.025477707006369428,0.20994538774970012
sensor_200,0.1079649502891048,0.0031120961883359774,0.0031847133757961785,0.20645049672739108
sensor_019,0.0833260036918063,0.06515843805256581,0.0031847133757961785,0.2026739791794508
sensor_431,0.054019474408145834,0.017457550515672146,0.025477707006369428,0.2018274376750892
sensor_547,0.08402625181105497,0.004771438755400261,0.012738853503184714,0.20009950895733075
sensor_126,0.060477391519512626,0.045251802333774835,0.01592356687898089,0.19606274975952392
sensor_443,0.0930780297166417,-0.021707404362023664,0.0031847133757961785,0.19192980592983871
sensor_039,0.06289423334841696,0.013446630093882824,0.01910828025477707,0.19153731224757614
sensor_484,0.0624420935352003,0.014406484226273513,0.01910828025477707,0.19135222811152244
sensor_000,0.07619345603293483,0.010295456345639973,0.012738853503184714,0.18969983953488181
sensor_416,0.06354994949889904,0.03132425890019704,0.012738853503184714,0.1807590514105053
sensor_034,0.058564175895704826,0.007573838845300858,0.01910828025477707,0.18000572237734652
sensor_270,0.061560677224399465,-0.012982611896703052,0.01592356687898089,0.17709220975367543
sensor_038,0.01500060010018496,0.0022178606391064296,0.03821656050955414,0.16938263576148993
sensor_182,0.07692258243681126,0.029918596917896677,0.0031847133757961785,0.16841860648026297
sensor_483,0.030590364087651416,0.010038681355027253,0.028662420382165606,0.16697563421299955
sensor_250,0.05700616821886982,-0.03709317934596608,0.009554140127388535,0.1610536443779506
sensor_549,0.03815700114050478,0.012604036675025108,0.022292993630573247,0.1586111479419433
sensor_491,0.042504151752455914,0.016228473437955297,0.01910828025477707,0.15695206937697567
sensor_025,0.039005981417343905,0.006269623141906029,0.022292993630573247,0.15602282002603707
sensor_071,0.04145427123132564,-0.009702850747511253,0.01910828025477707,0.15085124897682267
sensor_139,0.0366812569118486,-0.0034219165203801735,0.022292993630573247,0.15002949062323925
sensor_356,0.03764115900294723,-0.013383476438182846,0.01910828025477707,0.14643080637638456
sensor_563,0.06191223328030536,0.03585879987561937,0.0031847133757961785,0.1454797727879687
sensor_430,0.03142615236234251,-0.010829109868391872,0.022292993630573247,0.14544976910418128
sensor_419,0.07438572120200809,-0.01897372969841521,0.0,0.145036723970503
sensor_117,0.05678693500977524,0.027921972315868935,0.006369426751592357,0.14295666837934315
sensor_471,0.015614190523110034,-0.013411531006998642,0.028662420382165606,0.14243467765377812
sensor_316,0.0582911681638182,0.02173728429071455,0.006369426751592357,0.14163466873859673
sensor_183,0.07696263671510818,-0.005847098718644942,0.0,0.14113205316088084
sensor_063,0.041271364298340676,0.011187723164014365,0.01592356687898089,0.13972202356044186
sensor_423,0.04620256389644564,-0.015382129485471827,0.012738853503184714,0.13947443652296548
sensor_412,0.015809979576574477,-0.004070800105525486,0.028662420382165606,0.13673322293156892
sensor_124,0.05786193849237121,0.04742088190669805,0.0,0.13397690333334503
sensor_037,0.026742938191066046,-0.005546539163200543,0.022292993630573247,0.13367029052490198
sensor_125,0.06598153498854231,0.004280560822084401,0.0031847133757961785,0.1322855467004797
sensor_015,0.057116074333695276,0.010536246234288765,0.006369426751592357,0.13228170063595596
sensor_024,0.019742783705999033,-0.0031044818104387466,0.025477707006369428,0.13136086380167522
sensor_202,0.06437845233137814,0.0064231261528182185,0.0031847133757961785,0.13081268839691157
sensor_159,0.02398724451713571,-0.007711736042821211,0.022292993630573247,0.1301551906554872
sensor_494,0.016078410793270458,-0.0037059538453003147,0.025477707006369428,0.12521120380321915
sensor_137,0.05207048386971811,-0.02998277668133796,0.0031847133757961785,0.1241101510376091
sensor_164,0.01898305551632222,-0.011728767909733446,0.022292993630573247,0.12382712281582678
sensor_096,0.02703152018199542,0.006819243913851062,0.01910828025477707,0.1232450242649346
sensor_064,0.029468137679419883,0.015197825069290568,0.01592356687898089,0.12125618430004781
sensor_003,0.01861081041212792,-0.007093549329606022,0.022292993630573247,0.12016017151618102
sensor_496,0.017992146084790276,-0.007520781831459044,0.022292993630573247,0.11933288650632323
sensor_225,0.02653310491178283,-0.0018459792928581555,0.01910828025477707,0.11913393132964414
sensor_499,0.05312683444962149,-0.03751192445578707,0.0,0.11910788738890653
sensor_135,0.024417204295950932,0.004690525923525561,0.01910828025477707,0.1172006571863837
sensor_444,0.038532439376524924,0.0018558925058110923,0.012738853503184714,0.11702445888513537
sensor_559,0.058280589849674914,0.0015144093893188844,0.0031847133757961785,0.11675086639539918
sensor_088,0.04269959527762626,-0.006079062344721884,0.009554140127388535,0.1154320237430283
sensor_429,0.021993086291857086,0.008240620847273878,0.01910828025477707,0.11517439961684142
sensor_184,0.03765116998699277,0.0007842593206852985,0.012738853503184714,0.11475758633849235
sensor_434,0.013490862215905827,0.011463761023575738,0.022292993630573247,0.11385431169449899
sensor_432,0.022919235391417006,-0.0011689459928710634,0.01910828025477707,0.11224619193250847
sensor_585,0.022773270270649834,0.00132349385772539,0.01910828025477707,0.11208582348306503
sensor_500,0.05932422286278054,-0.0065524492028547964,0.0,0.11011218741473179
sensor_035,0.014276301343865972,0.0024490880684462568,0.022292993630573247,0.10941633995280337
sensor_023,0.007958070147659476,-0.0010123051641141591,0.025477707006369428,0.10897505427673146
sensor_199,0.007065249179003487,0.002764286519332935,0.025477707006369428,0.10851668248397739
sensor_014,0.050422308173140515,0.00954657246028662,0.0031847133757961785,0.10793047274675638
sensor_476,0.009365080261673812,-0.012599447830589165,0.022292993630573247,0.10722730025730601
sensor_511,0.055784309367637404,0.011597448093740952,0.0,0.10706311420768724
sensor_571,0.022878274250794847,0.011384745934795666,0.01592356687898089,0.10702610310453613
sensor_546,0.020875009875629645,-0.01679036908747392,0.01592356687898089,0.10695288012147597
sensor_433,0.029583962955267395,0.010797672838700173,0.012738853503184714,0.10684779152476928
sensor_336,0.04524695187417055,0.021375796142053607,0.0031847133757961785,0.10635762303603426
sensor_048,0.044350024774236114,-0.004878894680049259,0.006369426751592357,0.1058351471562496
sensor_345,0.04396384006259729,0.023348644449467784,0.0031847133757961785,0.1053458301639332
sensor_026,0.011232244399113725,0.002119866177851315,0.022292993630573247,0.103770774075233
sensor_120,0.013443787246825725,0.013911227512643579,0.01910828025477707,0.10359104724829601
sensor_065,0.020654656667796947,0.010837875480694025,0.01592356687898089,0.10270366846717066
sensor_442,0.009943597906166808,0.003121669711473592,0.022292993630573247,0.1021200690943236
sensor_128,0.023341118842543168,0.0024687281156885836,0.01592356687898089,0.10207635047121633
sensor_016,0.0429607000070881,0.0017994832036192275,0.006369426751592357,0.10136099698785139
sensor_485,0.009213427698816567,0.0036959906602215516,0.022292993630573247,0.10118907802339538
sensor_155,0.009679403196097867,0.0008763005322783232,0.022292993630573247,0.10019406566384172
sensor_555,0.014300424753321961,-0.0016739890587563885,0.01910828025477707,0.09719258068820738
sensor_161,0.02323427045414713,-0.013026345347595183,0.012738853503184714,0.0969601085211378
sensor_070,0.03821970439814833,0.00486274312850149,0.006369426751592357,0.09488476728487816
sensor_269,0.01870286518942741,0.0028780714846600775,0.01592356687898089,0.09406428361702604
sensor_218,0.03680472064054806,0.005668845356302368,0.006369426751592357,0.09288183226749551
sensor_473,0.017082986019065688,0.003061920438142523,0.01592356687898089,0.0912926099301451
sensor_468,0.010542424202241898,0.0018887447091098354,0.01910828025477707,0.09062532484274427
sensor_029,0.02670198196591217,-0.009272761983333338,0.009554140127388535,0.08895219595389
sensor_138,0.014819506960898737,-0.0040061907275572625,0.01592356687898089,0.08786498935858345
sensor_489,0.03900277364725074,0.009403266701085402,0.0031847133757961785,0.08745880985624183
sensor_589,0.014572759472237315,0.0038042317155755137,0.01592356687898089,0.08729382650751022
sensor_474,0.01401796080057872,-0.005236003533463279,0.01592356687898089,0.08723124615879081
sensor_133,0.03903133211358952,0.026419610720471103,0.0,0.0867681216617523
sensor_044,0.025776582459072363,-0.0071874562929937335,0.009554140127388535,0.08594992156639314
sensor_045,0.033354278376498736,-0.00280812362308085,0.006369426751592357,0.08487116227326029
sensor_115,0.011528027071799219,0.0070003969842759445,0.01592356687898089,0.08393077323213372
sensor_151,0.021932431509113785,0.014165569670656797,0.009554140127388535,0.08361017505512017
sensor_551,0.017189637704144677,0.007392994676889761,0.012738853503184714,0.08252386597547276
sensor_142,0.038427499719809396,-0.0032544444842779,0.0031847133757961785,0.08244904119227553
sensor_486,0.04472572408914994,0.003764911754744066,0.0,0.08225456354930898
sensor_188,0.03875376950442058,0.01919697852409307,0.0,0.08159403070911388
sensor_002,0.024852264489438,0.02083183637886273,0.006369426751592357,0.08137443772898334
sensor_122,0.03258586130143886,0.014674987663914622,0.0031847133757961785,0.07942243187293237
sensor_050,0.03439811298726839,0.007117673049115142,0.0031847133757961785,0.07776093272898288
sensor_032,0.008645987353863417,0.004285680950227653,0.01592356687898089,0.07702903232976502
sensor_001,0.022246927206280673,-0.002847748340063643,0.009554140127388535,0.0768398157314892
sensor_043,0.03273129645217923,-0.010196928550832991,0.0031847133757961785,0.07678111807816104
sensor_204,0.018608267420195078,-0.011986778952709795,0.009554140127388535,0.07626660541890155
sensor_162,0.014537530976268297,-0.003777936091603982,0.012738853503184714,0.07544921920574697
sensor_150,0.015144237640058355,-0.0013301421919768225,0.012738853503184714,0.07494626132745401
sensor_196,0.01780305353342185,0.00962400768017043,0.009554140127388535,0.07329906931895773
sensor_098,0.012673941835131534,0.00274304978538715,0.012738853503184714,0.07145314366433267
sensor_061,0.005264277900791592,0.0014510463992648828,0.01592356687898089,0.06915791914740782
sensor_022,0.00529062342088503,0.0011894801394652479,0.01592356687898089,0.06903549371669389
sensor_569,0.004874660935848703,-0.0020701049890165177,0.01592356687898089,0.06886364604467711
sensor_123,0.03174369389710597,0.00021158770783880152,0.0031847133757961785,0.0685502582408433
sensor_185,0.01788763696913218,-1.080099998280494e-05,0.009554140127388535,0.06722265397561494
sensor_004,0.021008465295767994,0.006847794777258878,0.006369426751592357,0.06545620030717172
sensor_268,0.03139644088890095,0.012582506888186415,0.0,0.06417964281519165
sensor_195,0.026429140545271363,0.0074979939097160565,0.0031847133757961785,0.06378620187943426
sensor_073,0.020233552874485625,0.003151512265516958,0.006369426751592357,0.061678900891728644
sensor_562,0.012174649485629747,-0.0038763560634226526,0.009554140127388535,0.059531568105222366
sensor_072,0.0,0.0,0.01592356687898089,0.05882352941176471
sensor_439,0.01867349441266681,0.0029908989697464933,0.006369426751592357,0.05879084084738091
sensor_006,0.01866023283848683,0.0029816102383704783,0.006369426751592357,0.05876115762188796
sensor_273,0.011385785000627506,0.000993930290440518,0.009554140127388535,0.05625658038747407
sensor_203,0.021210446680280923,0.009916699999321304,0.0031847133757961785,0.05603995467151749
sensor_041,0.013566490674914503,0.012726317179198787,0.006369426751592357,0.05598361963115618
sensor_012,0.01587333011824659,0.005237227412769661,0.006369426751592357,0.055248936928703606
sensor_068,0.02341372168981054,-0.0025294003350908884,0.0031847133757961785,0.05518639397515042
sensor_525,0.021401463990015548,-0.007381884182102477,0.0031847133757961785,0.05473880259680589
sensor_055,0.028957213219396108,-0.0031202859017090924,0.0,0.053697145557737434
sensor_169,0.026732975838674008,-0.009238046410153897,0.0,0.05369090021999498
sensor_539,0.025294517308296936,0.01169971955587707,0.0,0.0527185388718811
sensor_223,0.012728532497010303,0.004228043972682054,0.006369426751592357,0.048983119664828115
sensor_493,0.01403730910806027,5.360510100439579e-06,0.006369426751592357,0.04858328741385906
sensor_201,0.006033441145684882,0.0024135298701086446,0.009554140127388535,0.04762461360123493
sensor_420,0.01811177725116358,-0.005335011888629489,0.0031847133757961785,0.04754221553296972
sensor_198,0.019452677353375712,-0.0012610560551310117,0.0031847133757961785,0.04729605412496886
sensor_438,0.010412638606807623,-0.005852248992947587,0.006369426751592357,0.04590241809992397
sensor_047,0.016771327223292113,-0.006301822286734075,0.0031847133757961785,0.045776395822056684
sensor_207,0.018044022522254247,-0.0020570211546756985,0.0031847133757961785,0.04529784669715348
sensor_208,0.014410931364485595,-0.012036190947411457,0.0031847133757961785,0.04527880946270878
sensor_187,0.023438212794444895,-0.004253283693931209,0.0,0.04458211194988352
sensor_066,0.010105046866755278,0.004029870414052569,0.006369426751592357,0.04417298009296319
sensor_177,0.016769425691942223,0.002578175974421746,0.0031847133757961785,0.043360853719632365
sensor_413,0.009113442354756227,-0.004099796883297658,0.006369426751592357,0.04244870137444169
sensor_545,0.009719104181172823,0.002340911609419907,0.006369426751592357,0.04239014849590422
sensor_018,0.010166423433923003,-0.000869089031744734,0.006369426751592357,0.04223498093816767
sensor_426,0.015048779244668135,0.004919036156088087,0.0031847133757961785,0.041806649762973824
sensor_550,0.01332642067085127,0.00890171191909953,0.0031847133757961785,0.04131294559836994
sensor_181,0.020109280308097357,0.0075104051371338845,0.0,0.04075137384620694
sensor_067,0.014041664986426278,-0.002400530842138542,0.0031847133757961785,0.03837792729979936
sensor_060,0.013118588689616047,0.00490941576176025,0.0031847133757961785,0.03835587925403862
sensor_167,0.0073947810485646154,-0.0023852303786629403,0.006369426751592357,0.03827096660166063
sensor_166,0.0062020793098031,0.0012787119101753508,0.006369426751592357,0.03542572631185317
sensor_564,0.0,0.0,0.009554140127388535,0.03529411764705882
sensor_526,0.012509393525492634,0.0013133598081811228,0.0031847133757961785,0.03493923799787112
sensor_062,0.005297408304624905,0.001634888226917372,0.006369426751592357,0.03404201593900337
sensor_154,0.018955242474663323,0.0001183435633755124,0.0,0.03390340632644906
sensor_046,0.011340170276125484,0.0011549209865677902,0.0031847133757961785,0.03275005496887897
sensor_472,0.010374989908052887,-0.003800418797172837,0.0031847133757961785,0.03274136648640215
sensor_134,0.010437427363636505,0.003337823761242886,0.0031847133757961785,0.03255312438048468
sensor_083,0.015203820571954406,0.003614068511486683,0.0,0.029473276495564395
sensor_548,0.015597542108295741,-0.0019366672911053497,0.0,0.02908928843958041
sensor_028,0.013423511888121874,-0.005297414337279245,0.0,0.02738666915800989
sensor_520,0.007979689019637262,0.0009351716428795644,0.0031847133757961785,0.026610726761359654
sensor_255,0.007758418654312626,-0.0013598270552368627,0.0031847133757961785,0.026490945215490697
sensor_337,0.0,0.0,0.006369426751592357,0.023529411764705882
sensor_136,0.01157420836820988,-0.0014603323913935764,0.0,0.021600846916429956
sensor_482,0.011518480996613331,-0.0012544214491882813,0.0,0.02136801066233428
sensor_170,0.009002639493492724,0.002790913006062087,0.0,0.017873670740482843
sensor_040,0.0059151888159355666,0.010188084978593406,0.0,0.017155763192842205
sensor_418,0.008190966286766195,0.0011231387551239266,0.0,0.015344821192697785
sensor_051,0.007189172927917138,-0.0035394118121360204,0.0,0.015122304689044599
sensor_521,0.0,0.0,0.0031847133757961785,0.011764705882352941
sensor_487,0.0029454345627581103,-0.0014698913928163936,0.0,0.006208485145946907
sensor_074,0.0,0.0,0.0,0.0
